"","screenName","location","latitude","longitude","state"
"1","blktoast","Dover, NH",43.1978624,-70.8736698,"New Hampshire"
"2","jpharley3000","New York, USA",40.7127753,-74.0059728,"New York"
"4","NEVHC","1172 North Maclay Avenue 91340",34.2957906,-118.4237633,"California"
"7","tyr_knight","Lee's Summit, MO",38.9108408,-94.3821724,"Missouri"
"8","jaredcovo","Costa Mesa, CA",33.6412156,-117.9188221,"California"
"9","D__CM","Providence, RI",41.8239891,-71.4128343,"Rhode Island"
"10","Jinzang","Baltimore, MD",39.2903848,-76.6121893,"Maryland"
"12","davidgaliel","Portland, OR",45.5122308,-122.6587185,"Oregon"
"13","VCUnews","Richmond, VA",37.5407246,-77.4360481,"Virginia"
"14","TakeThatCDC","Atlanta, GA",33.7489954,-84.3879824,"Georgia"
"15","Ren0eNVy","Reno, NV",39.5296329,-119.8138027,"Nevada"
"16","ViraBurnayeva","NoVA, USA",45.4604,-122.788377,"Oregon"
"18","altaria999","she",36.159905,-95.9894529,"Oklahoma"
"19","DawnieRotten","CT",41.6032207,-73.087749,"Connecticut"
"22","elliecb33"," CHI, ATX, TN",35.5174913,-86.5804473,"Tennessee"
"24","ntarbie","Phoenix, AZ",33.4483771,-112.0740373,"Arizona"
"25","RichSqueezy","Los Angeles,Ca",34.0522342,-118.2436849,"California"
"26","PinkSheepNews","Collinsport, Maine",45.253783,-69.4454689,"Maine"
"27","PeterHotez","Montrose, Houston TX",29.7427249,-95.3991907,"Texas"
"28","oj_arbolario","Gardena, California",33.8883487,-118.3089624,"California"
"30","ShikhaJainMD","Chicago, IL",41.8781136,-87.6297982,"Illinois"
"31","jessadill","Blackfoot Territory",48.6666441,-112.9175826,"Montana"
"34","NorthPHX_FoodLv","PhxAZ",33.4483771,-112.0740373,"Arizona"
"36","shanequick4ms","Upper Miss'ippi",38.9002728,-90.6538904,"Missouri"
"41","TheNHF","Monrovia, CA",34.1442616,-118.0019482,"California"
"42","BLaw","Arlington, VA",38.8816208,-77.0909809,"Virginia"
"46","mabelberezin","Cornell University",42.4534492,-76.4735027,"New York"
"49","cnni","Everywhere",33.7589188,-84.3640829,"Georgia"
"50","Melody7473","New York, USA",40.7127753,-74.0059728,"New York"
"51","mailtribune","Southern Oregon",42.7976791,-122.4332992,"Oregon"
"52","SonjaBachman","Kansas City",39.0997265,-94.5785667,"Missouri"
"53","LactatedRingers","Pennsylvania, USA",41.2033216,-77.1945247,"Pennsylvania"
"54","HomeopathicDana","Berkeley, CA., USA",37.8715926,-122.272747,"California"
"55","toughestbro","Earth",37.2321077,-95.7243335,"Kansas"
"56","HabariCloud","Worldwide",36.249758,-95.266826,"Oklahoma"
"57","MaimThe","Los Angeles, CA",34.0522342,-118.2436849,"California"
"59","j_w_84","Minnesota, USA",46.729553,-94.6858998,"Minnesota"
"60","RedTagMama","Colorado",39.5500507,-105.7820674,"Colorado"
"62","_lets_do_it_","Florida, USA",27.6648274,-81.5157535,"Florida"
"65","DavidKleinPhD","Paia, Maui, Hawaii",20.9033333,-156.3694444,"Hawaii"
"66","HemOncToday","Thorofare, NJ",39.8422093,-75.1969346,"New Jersey"
"67","philosopherstew","Ontario, CA. Ethicist Veganism",34.0633443,-117.6508876,"California"
"69","jeffroberson","Hutchinson, KS",38.0608445,-97.9297743,"Kansas"
"72","Conan776","Watertown, MA",42.3709299,-71.1828321,"Massachusetts"
"73","Bettyan66167775","Henderson, NV",36.0395247,-114.9817213,"Nevada"
"74","barnes_weise","Durham, NC",35.9940329,-78.898619,"North Carolina"
"76","EugeneBu","Wrightwood, CA",34.3608341,-117.6333884,"California"
"77","sidneyfussell","SF | NYC",40.7127753,-74.0059728,"New York"
"80","MarcMcD","New York City",40.7127753,-74.0059728,"New York"
"82","famfightflu","Arlington, VA",38.8816208,-77.0909809,"Virginia"
"84","ManoMarks","San Francisco, CA",37.7749295,-122.4194155,"California"
"85","MichaelDTann","Golden Valley, MN",44.9917149,-93.3600034,"Minnesota"
"86","RebeccaRambar","Cyberland",35.7763257,-119.2431277,"California"
"87","DrKND","Ashland, OR, USA",42.1945758,-122.7094767,"Oregon"
"88","CLGeorge333","Columbus, IN",39.2014404,-85.9213796,"Indiana"
"89","JerodEwert","Seattle, WA",47.6062095,-122.3320708,"Washington"
"90","ElenaPewtress","Washington State",47.7510741,-120.7401385,"Washington"
"91","Feedjunkie","World",36.7491737,-95.972262,"Oklahoma"
"93","WoodardHortense","anywhere USA",39.9856733,-75.3136357,"Pennsylvania"
"94","HomeopathyWomen","San Jose, CA",37.3382082,-121.8863286,"California"
"96","zubailoo","Dorcol",29.4057125,-98.5022552,"Texas"
"97","JournalisticRev","Orlando fl",28.5383355,-81.3792365,"Florida"
"99","kmerian","Texas",31.9685988,-99.9018131,"Texas"
"100","ryan1jordan","New Jersey, USA",40.0583238,-74.4056612,"New Jersey"
"101","ShooterMcCooter","mental illness",38.625983,-90.3461942,"Missouri"
"102","clgood","Solano County, CA",38.3104969,-121.9017954,"California"
"103","MyEagleNews","John Day, Oregon",44.4159883,-118.95301,"Oregon"
"104","blamom","PA",41.2033216,-77.1945247,"Pennsylvania"
"108","djt10","Eastern Washington",47.4905928,-117.5860889,"Washington"
"115","coloradopols","Colorado",39.5500507,-105.7820674,"Colorado"
"116","redsiren333","New York",40.7127753,-74.0059728,"New York"
"121","jacqdeluna","Winterfell",39.9562296,-75.2023233,"Pennsylvania"
"122","ArthurCaplan","NYU Langone Medical Ctr",40.742436,-73.9737746,"New York"
"124","GrayJayStudios","TDot",36.1138484,-86.6796601,"Tennessee"
"125","parahsaige","Abilene, TX",32.4487364,-99.7331439,"Texas"
"126","ArsScience","The Internet",41.207626,-96.0228889,"Nebraska"
"127","arstechnica","NYC - Boston - Chicago - SF",40.7127753,-74.0059728,"New York"
"128","PHautin","Corvallis, OR",44.5645659,-123.2620435,"Oregon"
"129","GergNeslo","SA, TX",29.4241219,-98.4936282,"Texas"
"131","ZyiteGadgets","http://www.zyite.com/",34.1810092,-118.3308603,"California"
"132","c_technologist","West Palm Beach, FL",26.7153424,-80.0533746,"Florida"
"135","BaptistHealthSF","South Florida",27.6648274,-81.5157535,"Florida"
"136","bloodychill","Austin, TX",30.267153,-97.7430608,"Texas"
"138","1stInSEO","Albuquerque, NM",35.0843859,-106.650422,"New Mexico"
"146","andymalum","Virginia, USA",37.4315734,-78.6568942,"Virginia"
"147","nhokkanen","Minnesota, USA",46.729553,-94.6858998,"Minnesota"
"149","RTAHealth","New York, USA",40.7127753,-74.0059728,"New York"
"150","WakeResearch","Raleigh, NC",35.7795897,-78.6381787,"North Carolina"
"152","SarcomaAlliance","Mill Valley, CA",37.9060368,-122.5449763,"California"
"153","ImmunizeNV","Nevada",38.8026097,-116.419389,"Nevada"
"155","MISkeptics","Michigan and Beyond!",42.3698975,-83.0775771,"Michigan"
"157","lindamartinseng","Michigan",44.3148443,-85.6023643,"Michigan"
"158","_mrbyte","Over the clouds",44.473235,-73.217882,"Vermont"
"159","AdvueCo","Houston, TX",29.7604267,-95.3698028,"Texas"
"162","doritmi","Bay Area, CA",37.8271784,-122.2913078,"California"
"163","badzoot7"," Castle Anthrax",43.0490854,-71.7252704,"New Hampshire"
"164","genphys","Los Angeles",34.0522342,-118.2436849,"California"
"166","VideoPod","Allouez, WI",44.4774923,-88.0162144,"Wisconsin"
"167","nadinevdVelde","Los Angeles",34.0522342,-118.2436849,"California"
"168","rawhide1776","Colorado",39.5500507,-105.7820674,"Colorado"
"170","WPXI","Pittsburgh",40.4406248,-79.9958864,"Pennsylvania"
"172","barracudalover","Planet Earth",41.909611,-87.771964,"Illinois"
"175","shillito_ray","North Carolina, USA",35.7595731,-79.0192997,"North Carolina"
"176","AnonAlexTheGr8","Grand Rapids, MI",42.9633599,-85.6680863,"Michigan"
"177","Da_PrplGam3r","Georgia, USA",32.1656221,-82.9000751,"Georgia"
"178","sewpersists","Tennessee, USA",35.5174913,-86.5804473,"Tennessee"
"179","FolkWhoAwoke","Rhode Island",41.5800945,-71.4774291,"Rhode Island"
"180","aries1953","only passing through",34.422531,-118.53771,"California"
"181","PoetryAlive","Asheville, NC",35.5950581,-82.5514869,"North Carolina"
"182","VaxChoiceVT","Vermont",44.5588028,-72.5778415,"Vermont"
"183","behealthyusa","California USA",36.778261,-119.4179324,"California"
"184","EpiRen","PA/MD, USA",39.060356,-77.156958,"Maryland"
"185","jwendi4","North Carolina, USA",35.7595731,-79.0192997,"North Carolina"
"187","surfthespectrum","Sacramento, CA",38.5815719,-121.4943996,"California"
"188","r_prior","Atlanta, GA",33.7489954,-84.3879824,"Georgia"
"189","bruce_y_lee","Baltimore, Maryland USA",39.2903848,-76.6121893,"Maryland"
"190","denner_ashley","Hastings, NE",40.5862583,-98.3898726,"Nebraska"
"191","Marymalinaxoxo","San Antonio, TX",29.4241219,-98.4936282,"Texas"
"192","JusticeToAll","Florida",27.6648274,-81.5157535,"Florida"
"193","epukane","Denton, TX",33.2148412,-97.1330683,"Texas"
"194","Always_Ambitous","Dade County",25.5516034,-80.6326916,"Florida"
"196","Nancy46co","COLORADO, USA",39.5500507,-105.7820674,"Colorado"
"200","malepeai_ace","Bay Area, California",37.8271784,-122.2913078,"California"
"201","HarbisonRotary","Maui",20.7983626,-156.3319253,"Hawaii"
"202","Jneigha","TX <U+0001F6EC> DMV",31.9685988,-99.9018131,"Texas"
"203","SNCCLA","Los Angeles",34.0522342,-118.2436849,"California"
"204","vScienceBites","Ohio, USA",40.4172871,-82.907123,"Ohio"
"207","pastanoodle","corn field",40.0850083,-83.1235158,"Ohio"
"210","ANTIGOPMVMT","ANTIGOPMVMT@outlook.com",45.140245,-89.1523353,"Wisconsin"
"211","PubHlthLuke","Boston, MA",42.3600825,-71.0588801,"Massachusetts"
"212","homeovet","Austin",30.267153,-97.7430608,"Texas"
"213","fairvote","Takoma Park, Maryland",38.9778882,-77.0074765,"Maryland"
"214","501PayB","Little Rock, AR",34.7464809,-92.2895948,"Arkansas"
"215","ItsZevix","Florida, USA",27.6648274,-81.5157535,"Florida"
"216","NamasteLight","Universal Mind",39.7507081,-104.9942739,"Colorado"
"217","DemocratFed","NY",40.7127753,-74.0059728,"New York"
"221","NuckChorris16","Iowa, USA",41.8780025,-93.097702,"Iowa"
"222","kharrisCellMed","San Francisco Bay Area",37.8271784,-122.2913078,"California"
"223","Javaree","Chicago <U+2708> NY",41.8781136,-87.6297982,"Illinois"
"226","Cbarts2","Blue Ridge Mountains",35.7647092,-82.2652846,"North Carolina"
"228","Jazzy_Amazing","Chesapeake, VA",36.7682088,-76.2874927,"Virginia"
"229","GMSarli","Texas, USA",31.9685988,-99.9018131,"Texas"
"230","CarlosAlcalaBro","Lompoc",34.6391501,-120.4579409,"California"
"231","Anarchist_Rants","Dallas, TX",32.7766642,-96.7969879,"Texas"
"232","GovInslee","Olympia, WA",47.0378741,-122.9006951,"Washington"
"235","MoreheadPatriot","Wisconsin, USA",43.7844397,-88.7878678,"Wisconsin"
"237","MTPublicAffairs","Helena, MT",46.5891452,-112.0391057,"Montana"
"238","linddseeyy__","California, USA",36.778261,-119.4179324,"California"
"239","KWCH12","Kansas",39.011902,-98.4842465,"Kansas"
"241","nhregister","New Haven, Connecticut",41.308274,-72.9278835,"Connecticut"
"242","MiaHealyJP","Bel Air, MD",39.5359406,-76.3482931,"Maryland"
"245","Angiel25946uzz0","New York, USA",40.7127753,-74.0059728,"New York"
"247","swakop2","Byron, IL",42.1269692,-89.2556618,"Illinois"
"248","JustThatFishTV","Wakanda",44.9030233,-91.920983,"Wisconsin"
"249","Kellycow08","Ohio",40.4172871,-82.907123,"Ohio"
"250","RangeReporter","Washington, USA",47.7510741,-120.7401385,"Washington"
"251","BlueSkyGrannie","Arkansas, USA",35.20105,-91.8318334,"Arkansas"
"253","LauFranco95","New Jersey, USA",40.0583238,-74.4056612,"New Jersey"
"254","tarathralls","CA",36.778261,-119.4179324,"California"
"255","celesteerod","Rigby, ID",43.6724119,-111.914968,"Idaho"
"256","NeuerBoateng","New York, USA",40.7127753,-74.0059728,"New York"
"257","Sister_District","San Francisco, CA",37.7749295,-122.4194155,"California"
"258","adrianxleconte","Neverland",34.6514983,-83.8853411,"Georgia"
"259","jgantifeminist","South Florida",27.6648274,-81.5157535,"Florida"
"260","kayleeisyounng","Fishers, IN",39.9567548,-86.01335,"Indiana"
"262","KeithH6910","Chicago, IL",41.8781136,-87.6297982,"Illinois"
"263","BeckyJohnson222","Seaside, California, USA",36.6149217,-121.822098,"California"
"264","dustinchip96","Winner sd",43.3766665,-99.8590069,"South Dakota"
"265","ceestave","California, USA",36.778261,-119.4179324,"California"
"266","maconn7","Vancouver, WA/Portland, OR",45.6272259,-122.6727305,"Washington"
"267","drbrignall","Seattle, WA",47.6062095,-122.3320708,"Washington"
"268","glossolaliac","Seattle",47.6062095,-122.3320708,"Washington"
"269","slashsecret","Pacific Grove, CA",36.6177374,-121.9166215,"California"
"271","DamianEudy","Albuquerque, NM",35.0843859,-106.650422,"New Mexico"
"274","lynnrose789","California, USA",36.778261,-119.4179324,"California"
"275","PergamIC","Seattle, WA",47.6062095,-122.3320708,"Washington"
"276","NancyEClark1","Ann Arbor, MI",42.2808256,-83.7430378,"Michigan"
"279","midnighttsab","DE/DC",39.6735836,-75.7431575,"Delaware"
"280","fateddiva","CA, USA",36.778261,-119.4179324,"California"
"281","ghostylox","empty",41.9004062,-87.6867406,"Illinois"
"282","KesusWalks","Newport News, VA",37.0870821,-76.4730122,"Virginia"
"285","zackcapp","Chicago, IL",41.8781136,-87.6297982,"Illinois"
"286","BFilo166","Brooklyn NY-NJ 2A IlI%",40.6781784,-73.9441579,"New York"
"291","inactiguille","GZ",32.533114,-94.742597,"Texas"
"292","AllVaccines","Houston, TX",29.7604267,-95.3698028,"Texas"
"293","AtheisticSnail","Insane Asylum",39.038835,-80.471867,"West Virginia"
"294","TannersDad","Chicago Illinois United States",41.8781136,-87.6297982,"Illinois"
"297","MSU_PreProf","East Lansing, MI",42.7369792,-84.4838654,"Michigan"
"298","AFHSBPAGE","Falls Church, VA",38.882334,-77.1710914,"Virginia"
"299","jacDhall","Fema region 2 NY",40.7130082,-74.0131689,"New York"
"300","klonokid","Chicago, IL",41.8781136,-87.6297982,"Illinois"
"301","manmadeforever","BRONX, NY",40.8447819,-73.8648268,"New York"
"302","star_tug","Bigg City",29.6229003,-95.2270856,"Texas"
"306","RazzleTazzleMag","Las Vegas, NV",36.1699412,-115.1398296,"Nevada"
"308","gypsyof7","Philadelphia",39.9525839,-75.1652215,"Pennsylvania"
"311","candid_kitten","Central Illinois",40.3084762,-89.7004215,"Illinois"
"312","_abuel_","CLOUD 9 ",37.708127,-97.349081,"Kansas"
"313","JisNasty","in the studio",37.5628131,-97.331948,"Kansas"
"314","LisaGenio19","Las Vegas",36.1699412,-115.1398296,"Nevada"
"316","InovatiaLab","Fayette, Missouri, USA",39.1458654,-92.6837943,"Missouri"
"320","makaylathai_","St George, UT",37.0965278,-113.5684164,"Utah"
"322","PandoraFiles","Massachusetts",42.4072107,-71.3824374,"Massachusetts"
"323","AnnaLaca1","Fallon, NV",39.4748693,-118.7770407,"Nevada"
"324","LeighComa","Hell ",42.43472,-83.985,"Michigan"
"325","mennekinpis","New York, USA",40.7127753,-74.0059728,"New York"
"326","julie_smit3776","Minnesota",46.729553,-94.6858998,"Minnesota"
"328","carevantexas","Texas",31.9685988,-99.9018131,"Texas"
"329","DocOlmstead","Apopka",28.6934076,-81.5322149,"Florida"
"330","jerseyshorelisa","Jersey Shore",39.9652553,-74.3118212,"New Jersey"
"333","jen_myPsalms182","Texas",31.9685988,-99.9018131,"Texas"
"334","lacyfm","Olympia, WA",47.0378741,-122.9006951,"Washington"
"335","HealthyLivingNW","Washington and Oregon",47.100223,-122.2425491,"Washington"
"337","drcmgonzalez","El Paso, TX ",31.7618778,-106.4850217,"Texas"
"338","Duncan14118798","Charlotte, NC",35.2270869,-80.8431267,"North Carolina"
"342","YMacPherson","Boston, MA",42.3600825,-71.0588801,"Massachusetts"
"343","jadeemarieed","East Liverpool, OH ",40.6186756,-80.5772928,"Ohio"
"344","IDSAInfo","Arlington, VA",38.8816208,-77.0909809,"Virginia"
"345","judymorris3","Delaware, USA",38.9108325,-75.5276699,"Delaware"
"346","WelltopiaP","Thiensville, WI",43.2375067,-87.9787001,"Wisconsin"
"347","issyagurlerca","UML ",36.6951715,-97.0894044,"Oklahoma"
"348","ElectriKolor","Verona, WI",42.990831,-89.5331773,"Wisconsin"
"349","docmalerba","Upstate New York",43.0422845,-76.1398137,"New York"
"350","realDonaldScott","Pennsylvania",41.2033216,-77.1945247,"Pennsylvania"
"351","forcedanarchy","NY",40.7127753,-74.0059728,"New York"
"355","Jack_ElHai","Minneapolis, Minnesota, U.S.A.",44.977753,-93.2650108,"Minnesota"
"356","MITdeptofBE","Cambridge, Massachusetts",42.3736158,-71.1097335,"Massachusetts"
"357","johnmcp66","Arizona, USA",34.0489281,-111.0937311,"Arizona"
"359","accioharo","Lenexa, Kansas",38.9536174,-94.7335709,"Kansas"
"360","Zorrobazz","NO r WAY",36.8517159,-94.4523486,"Missouri"
"361","prichvisalia","California, USA",36.778261,-119.4179324,"California"
"362","NFIDvaccines","Bethesda, MD",38.984652,-77.0947092,"Maryland"
"365","eileeniorio","New York, USA",40.7127753,-74.0059728,"New York"
"366","forestglories","Illinois",40.6331249,-89.3985283,"Illinois"
"367","Swagato","Brooklyn, NY",40.6781784,-73.9441579,"New York"
"369","LynnInstitute","Oklahoma City, OK",35.4675602,-97.5164276,"Oklahoma"
"370","kayleneklingert","Boston-ish, MA",42.3600825,-71.0588801,"Massachusetts"
"371","OurTNFarm","Middle Tennessee",35.8486105,-86.3648813,"Tennessee"
"372","ideasurge","Colorado, USA",39.5500507,-105.7820674,"Colorado"
"375","jenniferbyrdAH","Madison, MS",32.4618086,-90.1153638,"Mississippi"
"376","Micwritermcleod","Maryland, USA",39.0457549,-76.6412712,"Maryland"
"378","Snarls_Dickens","Pennsylvania, USA",41.2033216,-77.1945247,"Pennsylvania"
"380","ReconditeAgony","Texas",31.9685988,-99.9018131,"Texas"
"381","LeonKaye","Fresno, CA",36.7377981,-119.7871247,"California"
"382","neph401","URI",41.4860647,-71.5308537,"Rhode Island"
"385","LChamplinAAFP","Leawood, KS",38.966673,-94.6169012,"Kansas"
"386","drugrankings","Seattle, WA",47.6062095,-122.3320708,"Washington"
"387","MelodyButler","Long Island, New York",40.789142,-73.134961,"New York"
"388","__twerkkk","202",36.7902695,-95.9348384,"Oklahoma"
"389","devknows68","Down South",36.252428,-95.334559,"Oklahoma"
"390","GeauxTigers516","Louisiana, USA",30.9842977,-91.9623327,"Louisiana"
"391","MaureenHughes76","Saint Louis, Missouri",38.6270025,-90.1994042,"Missouri"
"392","WRCB","Chattanooga, TN",35.0456297,-85.3096801,"Tennessee"
"393","thecorlew","Chicago, IL",41.8781136,-87.6297982,"Illinois"
"394","thereal_truther","Flat Earth",37.6985324,-97.441091,"Kansas"
"395","vcrpharrell","charlotte",35.2270869,-80.8431267,"North Carolina"
"397","HelenBranswell","Boston, MA",42.3600825,-71.0588801,"Massachusetts"
"398","Genealogy123","Dixie ",36.7507859,-95.9749076,"Oklahoma"
"399","Senythril","Summerville, SC",33.0185039,-80.1756481,"South Carolina"
"400","BorisKrichevsky","Madison, WI",43.0730517,-89.4012302,"Wisconsin"
"402","AdrianGeoLopez","San Antonio,Tx",29.4241219,-98.4936282,"Texas"
"403","DharmaWindham","Laguna Beach, CA",33.5427189,-117.7853568,"California"
"404","BalancedBodyChi","Naugatuck, CT",41.485921,-73.0506972,"Connecticut"
"408","2ndfor1st","Hearts & Minds",36.2616777,-95.8342587,"Oklahoma"
"411","RaifeNeuman","Portland, OR",45.5122308,-122.6587185,"Oregon"
"412","arzulauf84","Bellevue, NE",41.1543623,-95.9145568,"Nebraska"
"413","CamiDRyan","St. Louis, Missouri",38.6270025,-90.1994042,"Missouri"
"415","BCVetHospital","20492 NC 73 Albemarle,NC 28001",35.383255,-80.3277279,"North Carolina"
"416","ThePOTNUS","California, USA",36.778261,-119.4179324,"California"
"417","0710Lynnie","Massachusetts, USA",42.4072107,-71.3824374,"Massachusetts"
"420","DianaLynnGoodma","Victor,MT.",46.4165889,-114.1501005,"Montana"
"424","BusTrav","Global",37.0329949,-95.6400855,"Kansas"
"429","bobw075","Florida, USA",27.6648274,-81.5157535,"Florida"
"432","PhozzyHowell","Austin, TX",30.267153,-97.7430608,"Texas"
"434","maggi54","Salem, Oregon",44.9428975,-123.0350963,"Oregon"
"435","veggie64_leslie","Reality",37.032872,-95.6318183,"Kansas"
"436","hahabirdpumpkin","Mothman Territory, West Virginia, USA",38.8427256,-82.1385314,"West Virginia"
"437","CountCoinula","Over here",47.5056076,-111.2976254,"Montana"
"438","FCDallasMom2","Garland, TX",32.912624,-96.6388833,"Texas"
"440","MeshugaApple","...inside a Matryoshka doll",40.576459,-73.966128,"New York"
"441","Elisabeth_Drcy","Florida",27.6648274,-81.5157535,"Florida"
"444","alc_anthro","Goshen, NY",41.4020382,-74.3243191,"New York"
"445","6yi","Los Angeles, CA",34.0522342,-118.2436849,"California"
"447","safe_effective","Far",40.0990366,-88.2216115,"Illinois"
"452","AgBioWorld","Alabama, USA",32.3182314,-86.902298,"Alabama"
"454","Alice_Gines","Maryland",39.0457549,-76.6412712,"Maryland"
"455","summedupcanada","Ontario, CA",34.0633443,-117.6508876,"California"
"456","Jsmithjax","Florida ",27.6648274,-81.5157535,"Florida"
"457","amanda_pompili","Pawtucket, RI",41.878711,-71.3825558,"Rhode Island"
"459","sugoistudies","Indianapolis, IN",39.768403,-86.158068,"Indiana"
"461","LucyMayCincy","Cincinnati,Ohio",39.1031182,-84.5120196,"Ohio"
"462","AmeshAA","Pittsburgh, Baltimore, NYC",40.7127753,-74.0059728,"New York"
"466","rob_belcher","Seattle, WA",47.6062095,-122.3320708,"Washington"
"472","FarmFairyCrafts","Oregon, USA",43.8041334,-120.5542012,"Oregon"
"473","WCCrannell","Portland, OR",45.5122308,-122.6587185,"Oregon"
"474","IrishI68","Fallon, Nevada",39.4748693,-118.7770407,"Nevada"
"475","erictleung","Portland, OR",45.5122308,-122.6587185,"Oregon"
"477","MasonACobb","North Carolina",35.7595731,-79.0192997,"North Carolina"
"480","EcoTopicalNews","Planet Earth",41.909611,-87.771964,"Illinois"
"481","edwartica","Portland, Oregon",45.5122308,-122.6587185,"Oregon"
"485","kimberlyjrb","Valrico, Florida",27.9462615,-82.2420317,"Florida"
"487","WWT_Watchmen","Flat Earth",37.6985324,-97.441091,"Kansas"
"488","zoomberiq","Pennsylvania, USA",41.2033216,-77.1945247,"Pennsylvania"
"489","CNHealthyNation","Cherokee Nation",36.7433229,-95.98991,"Oklahoma"
"490","POLITICOPro","Arlington, Va.",38.8816208,-77.0909809,"Virginia"
"492","BonnieO54284341","Philadelphia, PA",39.9525839,-75.1652215,"Pennsylvania"
"493","thiafinart","Pioneer, CA",38.4318551,-120.5718719,"California"
"494","QUnitedWeStand2","Spokane, WA",47.6587802,-117.4260465,"Washington"
"495","TigressLilly1","Outer Space",41.3535161,-72.9254428,"Connecticut"
"496","NicklausXOXO","Earth",37.2321077,-95.7243335,"Kansas"
"497","tracyhutchsgt","United States, Earth",34.2331373,-102.4107493,"Texas"
"498","DuvalJodi","Seattle, beautiful Puget Sound",47.7189674,-122.2946304,"Washington"
"499","crob1611","Swain NY",42.4778443,-77.8533322,"New York"
"500","iXeno","SF Bay Area",37.8271784,-122.2913078,"California"
"501","KellyAnnSpencer","Inland Empire",34.9592083,-116.419389,"California"
"502","rl93930","California, USA",36.778261,-119.4179324,"California"
"505","JP1958S","New Jersey, USA",40.0583238,-74.4056612,"New Jersey"
"506","klovephx","Phoenix, AZ",33.4483771,-112.0740373,"Arizona"
"507","wrair","Silver Spring, Maryland",38.9906657,-77.026088,"Maryland"
"509","gramakav","Idaho, USA",44.0682019,-114.7420408,"Idaho"
"511","IamOneFitBody","NYC",40.7127753,-74.0059728,"New York"
"513","MRogersWrites","Waynesville, NC",35.4887145,-82.9887477,"North Carolina"
"514","drea_aguilar7","Des Moines, IA",41.5868353,-93.6249593,"Iowa"
"515","ABC5FOX9","Yuma, AZ",32.6926512,-114.6276916,"Arizona"
"516","lippard","Phoenix",33.4483771,-112.0740373,"Arizona"
"517","13OnYourSide","Yuma, AZ/El Centro, CA",32.6926512,-114.6276916,"Arizona"
"518","KYMA11","Yuma, Arizona ",32.6926512,-114.6276916,"Arizona"
"520","AmberOwens18","Manvel, Texas USA",29.4627365,-95.357994,"Texas"
"523","WYMT","Hazard, KY",37.24954,-83.1932284,"Kentucky"
"526","riconfidential","Richmond, CA",37.9357576,-122.3477486,"California"
"527","Immunize_USA","Houston, TX",29.7604267,-95.3698028,"Texas"
"528","HelenGLovesTea","Colorado, USA",39.5500507,-105.7820674,"Colorado"
"529","allentien","Baltimore, <U+5730><U+7403>, Cape Breton      P(A|B)=P(B|A)P(A)/P(B)",39.2903848,-76.6121893,"Maryland"
"530","kittypurrzog","Seattle, WA",47.6062095,-122.3320708,"Washington"
"531","BSelander","Philadelphia, PA",39.9525839,-75.1652215,"Pennsylvania"
"532","PplOverPolitics","Everywhere",33.7589188,-84.3640829,"Georgia"
"533","DePaulLaw","Chicago, Illinois",41.8781136,-87.6297982,"Illinois"
"537","BatesWellness","Plano, TX",33.0198431,-96.6988856,"Texas"
"539","AntoinetteZim13","Texas, USA",31.9685988,-99.9018131,"Texas"
"543","JimW_in_NM","SOUTHWEST",36.1908813,-95.8897448,"Oklahoma"
"545","CarissaBonham","Hillsboro, OR",45.5200114,-122.9365835,"Oregon"
"546","AustraliaUNDPR","New York, NY",40.7127753,-74.0059728,"New York"
"547","usmade100","South Carolina, USA",33.836081,-81.1637245,"South Carolina"
"548","LynCamWil","Tucson, Arizona",32.2226066,-110.9747108,"Arizona"
"549","slapthisbutt","Earth",37.2321077,-95.7243335,"Kansas"
"550","GigiBowman","Port St Lucie, FL",27.2730492,-80.3582261,"Florida"
"551","MPRnews","Minnesota",46.729553,-94.6858998,"Minnesota"
"552","marieAn72486017","Louisiana, USA",30.9842977,-91.9623327,"Louisiana"
"553","epochchanger","California, USA",36.778261,-119.4179324,"California"
"555","26point2FoCo","Colorado, USA",39.5500507,-105.7820674,"Colorado"
"556","healthydriven","Naperville and Elmhurst",41.8994744,-87.9403418,"Illinois"
"557","panoramateam","Seattle, WA",47.6062095,-122.3320708,"Washington"
"558","painefultruths","Madison, WI",43.0730517,-89.4012302,"Wisconsin"
"561","sbuchbinder","Baltimore, MD",39.2903848,-76.6121893,"Maryland"
"562","blue_yarn","Illinois, USA",40.6331249,-89.3985283,"Illinois"
"563","Vemdezapcaralho","Andromeda",35.3865696,-97.413589,"Oklahoma"
"564","dominiquearossi","Portland, Ore. ",45.5122308,-122.6587185,"Oregon"
"565","kramer30","Southern California",34.9592083,-116.419389,"California"
"566","amanda7085","Somewhere in  Ga<U+0001F351>",32.1656221,-82.9000751,"Georgia"
"568","aishaonearth","earth",37.2321077,-95.7243335,"Kansas"
"571","AACMaven","Brooklyn, NY",40.6781784,-73.9441579,"New York"
"572","OccuWorld","Earth",37.2321077,-95.7243335,"Kansas"
"573","FutureOfTalent","Virtual",38.8996225,-95.3154114,"Kansas"
"574","DrToddWo","Pittsburgh, PA",40.4406248,-79.9958864,"Pennsylvania"
"575","BletschW","Near Canton, OH",40.7989473,-81.378447,"Ohio"
"577","sarah_martin_19","Knoxville, IA",41.320343,-93.09967,"Iowa"
"578","2Awarrior","Florida",27.6648274,-81.5157535,"Florida"
"583","kare11","Minneapolis, MN",44.977753,-93.2650108,"Minnesota"
"584","BioCentury","Redwood City, CA",37.4852152,-122.2363548,"California"
"585","sueshoe29","Sun City West,AZ",33.6619819,-112.3412726,"Arizona"
"586","iBoldNews","New York",40.7127753,-74.0059728,"New York"
"587","tomjames206","Seattle",47.6062095,-122.3320708,"Washington"
"590","JOCOHealth","Olathe, KS",38.8813958,-94.8191285,"Kansas"
"591","Gewiretz","New York, USA",40.7127753,-74.0059728,"New York"
"592","ColleenHuberNMD","Tempe, AZ",33.4255104,-111.9400054,"Arizona"
"594","cyanfiremusic","Orlando, FL",28.5383355,-81.3792365,"Florida"
"595","Nymnurse","New York, USA",40.7127753,-74.0059728,"New York"
"596","GoldsteinStreet","Seattle, WA",47.6062095,-122.3320708,"Washington"
"597","HumanistTim","California USA",36.778261,-119.4179324,"California"
"598","elizabeth_fodor","Illinois, USA",40.6331249,-89.3985283,"Illinois"
"599","DrAurore","Birmingham,MI",42.5467012,-83.2113192,"Michigan"
"601","GarwoodStevens","Organic Farm",37.9468742,-95.0064737,"Kansas"
"603","TrumpFanNevada","Nevada, USA",38.8026097,-116.419389,"Nevada"
"604","Franklin_E_T","Arkansas, USA",35.20105,-91.8318334,"Arkansas"
"605","BlairStenvick","Portland, OR",45.5122308,-122.6587185,"Oregon"
"606","tonyhueck_gr8","Homer Glen, IL",41.6000317,-87.9381112,"Illinois"
"607","FallennAangel","Detroit, MI",42.331427,-83.0457538,"Michigan"
"608","32Lar23","North Carolina",35.7595731,-79.0192997,"North Carolina"
"609","Wallace_Noll","Mesa, Arizona (USA)",33.4151843,-111.8314724,"Arizona"
"610","Lordknoxx","Florida, USA",27.6648274,-81.5157535,"Florida"
"611","WUSTLmed","St. Louis, MO",38.6270025,-90.1994042,"Missouri"
"612","JLuriaLISW","Iowa City, IA",41.6611277,-91.5301683,"Iowa"
"616","ThomBurke","Albertville, AL",34.2675937,-86.2088669,"Alabama"
"619","EvilCEOE","Metropolis, USA",37.1511655,-88.7319979,"Illinois"
"620","j082298","FL",27.6648274,-81.5157535,"Florida"
"621","onewaytweeta","Arizona, USA",34.0489281,-111.0937311,"Arizona"
"624","megmarieritter","Atwater Village, Los Angeles",34.1172904,-118.2614332,"California"
"626","artofperson","South Florida",27.6648274,-81.5157535,"Florida"
"627","cjdinger","Raleigh, NC",35.7795897,-78.6381787,"North Carolina"
"628","biospace","Des Moines, IA",41.5868353,-93.6249593,"Iowa"
"629","stopvaccinating","Los Angeles",34.0522342,-118.2436849,"California"
"630","eurobird","Florida and Europe ",26.221971,-80.140071,"Florida"
"631","aubreywieber","Portland, OR",45.5122308,-122.6587185,"Oregon"
"634","belllaaaxo","NY<U+0001F501>SATX <U+2661>",29.5418178,-98.5528425,"Texas"
"636","NYY001","Austin, TX",30.267153,-97.7430608,"Texas"
"637","CCurrentArgus","Carlsbad, NM",32.4206736,-104.2288375,"New Mexico"
"638","kirtybuis"," t-town, washington ",47.2437077,-122.4395527,"Washington"
"639","slealey53","New Orleans, LA",29.9510658,-90.0715323,"Louisiana"
"640","yayayarndiva","Sonoma County, California",38.5779555,-122.9888319,"California"
"641","internetptyorg","Philadelphia PA",39.9525839,-75.1652215,"Pennsylvania"
"642","Truedeth","Wisconsin",43.7844397,-88.7878678,"Wisconsin"
"643","AshleyAceves6","Bakersfield,CA",35.3732921,-119.0187125,"California"
"645","MaxKennerly","Philadelphia, Pennsylvania",39.9525839,-75.1652215,"Pennsylvania"
"648","Cinderellah02","Seattle WA",47.6062095,-122.3320708,"Washington"
"649","roselawgroup","Scottsdale, AZ",33.4941704,-111.9260519,"Arizona"
"650","LumaCyte","Charlottesville Area",38.0293059,-78.4766781,"Virginia"
"651","DChurchy1","Connecticut, USA",41.6032207,-73.087749,"Connecticut"
"653","mignon_dunbar","San Francisco, CA",37.7749295,-122.4194155,"California"
"654","LKChapman147","Albuquerque NM",35.0843859,-106.650422,"New Mexico"
"660","AndyVermaut","One world",40.7133444,-74.0133677,"New York"
"662","OR4MedFreedom","Oregon",43.8041334,-120.5542012,"Oregon"
"663","QPSHoldingsLLC","Newark, DE",39.6837226,-75.7496572,"Delaware"
"664","jaguar06_rick","Flyover Country",36.8964067,-87.9587538,"Kentucky"
"665","themavennews","California, USA",36.778261,-119.4179324,"California"
"666","EzBrz","Las Vegas, Nevada",36.1699412,-115.1398296,"Nevada"
"667","LoriLu444","Los Angeles, TX",28.465556,-99,"Texas"
"668","ADDcrafter","Denver, CO",39.7392358,-104.990251,"Colorado"
"669","AH2Day","Grand Junction Colorado",39.0638705,-108.5506486,"Colorado"
"671","Bad_Lizard","Maricopa County Arizona",33.2917968,-112.4291464,"Arizona"
"672","LandryForWestTX","Lubbock, TX",33.5778631,-101.8551665,"Texas"
"673","DoctorSekzi","Here",36.7435531,-95.9359977,"Oklahoma"
"674","ScottsHusband","NC, USA",35.7595731,-79.0192997,"North Carolina"
"677","BetoWolfey","Massachusetts, USA",42.4072107,-71.3824374,"Massachusetts"
"678","BayArea247News","Oakland, CA",37.8043637,-122.2711137,"California"
"680","wabenews","Atlanta, GA",33.7489954,-84.3879824,"Georgia"
"681","MugsysRapSheet","Houston, TX",29.7604267,-95.3698028,"Texas"
"683","smitty_ko","California",36.778261,-119.4179324,"California"
"684","WebNHW","Albuquerque, NM",35.0843859,-106.650422,"New Mexico"
"686","dragonflymcs","Florida",27.6648274,-81.5157535,"Florida"
"687","drjeanetteryan","Santa Monica, CA",34.0194543,-118.4911912,"California"
"688","fluck_gloria","Pennsylvania, USA",41.2033216,-77.1945247,"Pennsylvania"
"691","gijacklin","Los Angeles, CA.",34.0522342,-118.2436849,"California"
"692","CU_PublicHealth","Champaign County Illinois",40.2138865,-88.2461183,"Illinois"
"693","KassandraSeven","Detroit, MI",42.331427,-83.0457538,"Michigan"
"694","RoryFly48410259","Hilo, Hawaii",19.7241106,-155.0868193,"Hawaii"
"695","Telford_Russian","Everywhere",33.7589188,-84.3640829,"Georgia"
"696","AstridvnBeveren","Achterhoek | Nederland",29.9720128,-93.9938202,"Texas"
"697","susan_daniels","Eden, NY USA",42.652282,-78.8969785,"New York"
"698","JulianGillMusic","Houston, TX",29.7604267,-95.3698028,"Texas"
"700","PatriciaMSpenc2","Mississippi, USA",32.3546679,-89.3985283,"Mississippi"
"702","dwaynecobb","Birmingham, AL",33.5185892,-86.8103567,"Alabama"
"705","PharmPracNews","New York",40.7127753,-74.0059728,"New York"
"707","agargmd","Chicago, IL",41.8781136,-87.6297982,"Illinois"
"709","CNNBusiness","Global",37.0329949,-95.6400855,"Kansas"
"710","TAYke_me2church","Philadelphia, PA",39.9525839,-75.1652215,"Pennsylvania"
"712","MoneyHealthFina","USA/Canada/UK",30.2143652,-95.5653892,"Texas"
"713","Midnights_Mommy","Oregon, USA",43.8041334,-120.5542012,"Oregon"
"714","ElaineWilhelm2","Fishers, IN.",39.9567548,-86.01335,"Indiana"
"715","nochnoy_dozor","Denial",36.750583,-95.9748949,"Oklahoma"
"716","dearsarah","LA, NY & Cambridge",34.0420902,-118.2432057,"California"
"717","GaryAltman9","Spring Hill, FL",28.4831682,-82.5369872,"Florida"
"718","KTVZ","Bend, Oregon",44.0581728,-121.3153096,"Oregon"
"719","Michael81972","Oklahoma, USA",35.0077519,-97.092877,"Oklahoma"
"720","loganbloom","Little Rock, AR",34.7464809,-92.2895948,"Arkansas"
"722","GOMusings","Connecticut",41.6032207,-73.087749,"Connecticut"
"723","beachbum04064","Maine, USA",45.253783,-69.4454689,"Maine"
"726","IntuitiveVegan","Washington, USA",47.7510741,-120.7401385,"Washington"
"728","PhoenixCompSys","Atlanta, GA",33.7489954,-84.3879824,"Georgia"
"729","IDSE_Online","New York, NY",40.7127753,-74.0059728,"New York"
"731","cowtung","Berkeley, CA",37.8715926,-122.272747,"California"
"737","abelstreit","Universal City",29.5480071,-98.2911235,"Texas"
"739","IsaacGSmith","San Francisco, CA",37.7749295,-122.4194155,"California"
"740","DennisDDawson","Texas",31.9685988,-99.9018131,"Texas"
"743","Hussamkhoury","Orange County, CA",33.7174708,-117.8311428,"California"
"745","HardTechTV","Silicon Valley, CA",37.387474,-122.0575434,"California"
"746","evanderburg","Cleveland, OH",41.49932,-81.6943605,"Ohio"
"747","tooms666","south florida",27.6648274,-81.5157535,"Florida"
"749","alexanderl1028","Salinas California",36.6777372,-121.6555013,"California"
"750","mowefus","Denver, CO",39.7392358,-104.990251,"Colorado"
"751","AngelaJYoung88","Covington",39.0836712,-84.5085536,"Kentucky"
"752","jat1997","The Greatest State California",36.778261,-119.4179324,"California"
"753","APCSDoneQuick","Wisconsin",43.7844397,-88.7878678,"Wisconsin"
"754","1blessedbee","Pennsylvania, USA",41.2033216,-77.1945247,"Pennsylvania"
"755","jonsarlin","Brooklyn, NY",40.6781784,-73.9441579,"New York"
"759","MadSciJustin","Colorado, USA",39.5500507,-105.7820674,"Colorado"
"760","soberbygrace","Texas, USA",31.9685988,-99.9018131,"Texas"
"761","mdtoorder","Arizona, USA",34.0489281,-111.0937311,"Arizona"
"762","FashionSpill","New York",40.7127753,-74.0059728,"New York"
"763","SonamSaxena","Bellevue, WA",47.6101497,-122.2015159,"Washington"
"765","ZakeelGordon","Seattle, WA",47.6062095,-122.3320708,"Washington"
"766","chloehanks59","MAGA, USA",32.9129154,-96.451238,"Texas"
"767","seattleinformer","Seattle",47.6062095,-122.3320708,"Washington"
"768","Retorogeemu2018","New York, NY",40.7127753,-74.0059728,"New York"
"771","BlueEyedEagle_","GLOBAL",37.0329949,-95.6400855,"Kansas"
"773","jrad1014hi","Honolulu, HI",21.3069444,-157.8583333,"Hawaii"
"780","BadassActivist","559",36.8251515,-119.7017496,"California"
"781","Chris_1791"," f<U+03B9><U+03BB>e<U+03C9> ade<U+03BB>f<U+03BF><U+03C2> Philadelphia PA",39.9525839,-75.1652215,"Pennsylvania"
"782","ClintonLKindle","Portland, OR",45.5122308,-122.6587185,"Oregon"
"783","APendletonP","Providence, RI",41.8239891,-71.4128343,"Rhode Island"
"784","Mara_G2020","Seattle Washington, USA",47.6062095,-122.3320708,"Washington"
"785","AurelianGirl","Sutter Creek, CA",38.3929675,-120.8024357,"California"
"786","Wonkette","Washington",47.7510741,-120.7401385,"Washington"
"787","askerrysmile","Westminster, VT",43.0678307,-72.4587404,"Vermont"
"788","megthechamp","In my own little world",35.4915705,-94.2210237,"Arkansas"
"789","aristocatsinc","Florida, USA",27.6648274,-81.5157535,"Florida"
"792","lydiachain","New York, NY",40.7127753,-74.0059728,"New York"
"794","KimiJoyc","54022",44.858921,-92.5792482,"Wisconsin"
"795","cmdingram","Denver, CO",39.7392358,-104.990251,"Colorado"
"797","FOX4","Dallas - Fort Worth",32.7766642,-96.7969879,"Texas"
"798","WriteReadRock","Everywhere",33.7589188,-84.3640829,"Georgia"
"801","Principal_IT","Miramar, FL",25.9860762,-80.3035602,"Florida"
"803","gcgrytdal","Liberty State",40.7030799,-74.0537191,"New Jersey"
"804","MaryECosenza","Moorpark CA",34.285558,-118.8820414,"California"
"805","PacificStand","Santa Barbara, California",34.4208305,-119.6981901,"California"
"807","ColumbusFreeP","Columbus, OH",39.9611755,-82.9987942,"Ohio"
"808","Sianaliciouz","Everywhere",33.7589188,-84.3640829,"Georgia"
"810","PeeblesEllie","Peebles",36.066407,-89.393497,"Tennessee"
"812","ItsKarylS","Northern Calif  USA",38.8375215,-120.8958242,"California"
"813","M08D26","Boston, MA",42.3600825,-71.0588801,"Massachusetts"
"814","ajwhitewolf","Madison Wisconsin",43.0730517,-89.4012302,"Wisconsin"
"815","VVCofH","Hamburg, NY",42.7158927,-78.8294768,"New York"
"816","Johanna_Swoyer","broad city",40.2197997,-78.2231976,"Pennsylvania"
"818","giftedkids","Weaverville, NC",35.6970547,-82.5606851,"North Carolina"
"819","MalibuStacyMPH","San Diego, USA",32.715738,-117.1610838,"California"
"820","SaraGonzalesTX","TX",31.9685988,-99.9018131,"Texas"
"823","wafaie_fawzi","Cambridge, MA",42.3736158,-71.1097335,"Massachusetts"
"824","jowr_what","::1",40.7127431,-74.0133795,"New York"
"825","IAmTheHerd","San Diego, CA",32.715738,-117.1610838,"California"
"826","jasonbock","Shakopee, MN, USA",44.7973962,-93.5272861,"Minnesota"
"827","gupwalla","The Matrix",41.3829459,-73.5315538,"Connecticut"
"828","bmangh","New Haven, CT",41.308274,-72.9278835,"Connecticut"
"829","greenpartyguynj","Lawrenceville, NJ",40.3016375,-74.7361013,"New Jersey"
"832","drgarynull","NYC",40.7127753,-74.0059728,"New York"
"833","Iheartnoise","Boston, MA",42.3600825,-71.0588801,"Massachusetts"
"834","teensource","California",36.778261,-119.4179324,"California"
"835","TheRoot","New York, NY",40.7127753,-74.0059728,"New York"
"836","amybirn","New York City",40.7127753,-74.0059728,"New York"
"838","usnehal","Boston, MA",42.3600825,-71.0588801,"Massachusetts"
"847","Koboxer2380","Maine, USA",45.253783,-69.4454689,"Maine"
"849","jmrcapmg","Atlanta, GA",33.7489954,-84.3879824,"Georgia"
"850","bsaintwalker","Orange County, California",33.7174708,-117.8311428,"California"
"851","NoahJSMcCourt","Waconia, MN",44.8504317,-93.7876429,"Minnesota"
"852","juno_watt","A Galaxy Far Far Away",28.385233,-81.563874,"Florida"
"853","AAPCA3","San Diego",32.715738,-117.1610838,"California"
"854","webinsiders","Sillicon Valley",37.387474,-122.0575434,"California"
"855","HydroCabron","Denver, CO",39.7392358,-104.990251,"Colorado"
"857","SimamsProperty","Florida, USA",27.6648274,-81.5157535,"Florida"
"858","ethel_huizar","Detroit, MI",42.331427,-83.0457538,"Michigan"
"859","WhstleBlower","California, USA",36.778261,-119.4179324,"California"
"861","Lobo_The_Great","Tampa, FL",27.950575,-82.4571776,"Florida"
"863","EcoInternetDrGB","Earth",37.2321077,-95.7243335,"Kansas"
"866","ZainR","Gallifrey",33.946647,-118.3848014,"California"
"867","toden7826","Ashville, Alabama",33.8370433,-86.2544223,"Alabama"
"868","TheCaraGia","Florida, USA",27.6648274,-81.5157535,"Florida"
"869","PSUresearch","Penn State University",40.7982133,-77.8599084,"Pennsylvania"
"870","HealthGuide_USA","Houston, Texas",29.7604267,-95.3698028,"Texas"
"871","kaffeinated","New York",40.7127753,-74.0059728,"New York"
"872","spikygeek","Northern VA",38.7636242,-77.1764149,"Virginia"
"873","abdun_nur","Living upon the Earth",42.3973208,-71.123773,"Massachusetts"
"874","VaccinateCal","California",36.778261,-119.4179324,"California"
"876","greendreamsnow","galaxy",38.7137078,-93.2774855,"Missouri"
"877","milestougeaux","San Diego",32.715738,-117.1610838,"California"
"878","Suicidalady","Salem, MA",42.51954,-70.8967155,"Massachusetts"
"879","Crystal35036305","Minne to the Sota ",44.9391044,-93.3626146,"Minnesota"
"885","GoalDigginMama","Grand Junction, CO",39.0638705,-108.5506486,"Colorado"
"888","Vinminen","Michigan, USA",44.3148443,-85.6023643,"Michigan"
"891","burnetto57","Laconia, NH",43.5278546,-71.4703509,"New Hampshire"
"893","udarnik","Northern Hemisphere",43.214231,-77.438898,"New York"
"894","PlumRemson","Vashon Island, WA",47.4473204,-122.4598502,"Washington"
"895","abc15","Phoenix, AZ",33.4483771,-112.0740373,"Arizona"
"898","MiracleAppy1","Oklahoma, USA",35.0077519,-97.092877,"Oklahoma"
"899","RationalVaxxer","New Jersey",40.0583238,-74.4056612,"New Jersey"
"901","NewAtlantisHub","Universe",36.1568902,-95.9915346,"Oklahoma"
"903","UrHotelBooking","World Wide",36.249758,-95.266826,"Oklahoma"
"904","crosd_betty","Raleigh, NC",35.7795897,-78.6381787,"North Carolina"
"905","gunther1970h2","Illinois, USA",40.6331249,-89.3985283,"Illinois"
"906","seandehey","pdx",45.5897694,-122.5950942,"Oregon"
"910","MyraLowrie","Texas, USA",31.9685988,-99.9018131,"Texas"
"914","pediatricskc","Overland Park, Kansas",38.9822282,-94.6707917,"Kansas"
"915","SpryGuy","Austin",30.267153,-97.7430608,"Texas"
"916","Lizzy7050","Grand Rapids Michigan",42.9633599,-85.6680863,"Michigan"
"917","lizmichael","Free Commonwealth of Arizona",33.2770689,-111.784465,"Arizona"
"918","ahgnow","San Francisco, CA",37.7749295,-122.4194155,"California"
"921","neogaia","Los Angeles",34.0522342,-118.2436849,"California"
"923","redheadmom8","Eastern Pennsylvania ",40.1191328,-75.4153074,"Pennsylvania"
"924","terrielders","Colville WA",48.5449971,-117.9009545,"Washington"
"925","KarenZahaluk","Dallas, TX",32.7766642,-96.7969879,"Texas"
"927","DrEricZeiszler","Apple Valley, MN",44.7319094,-93.21772,"Minnesota"
"928","katiewr31413491","NY NY",40.7127753,-74.0059728,"New York"
"929","fox7austin","Austin, TX",30.267153,-97.7430608,"Texas"
"931","JeebusTrump","Michigan, USA",44.3148443,-85.6023643,"Michigan"
"932","joegooding","Bethlehem, Pennsylvania",40.6259316,-75.3704579,"Pennsylvania"
"934","kay_kell","330",33.7620556,-84.396641,"Georgia"
"935","revdonna","Los Angeles, CA",34.0522342,-118.2436849,"California"
"936","SarahTaber_bww","Fayetteville, NC",35.0526641,-78.8783585,"North Carolina"
"937","DogmaMom","Los Angeles",34.0522342,-118.2436849,"California"
"938","Vandelay1776","in bizzare times ",29.7283688,-95.5133449,"Texas"
"941","CaseyDanson","Los Angeles",34.0522342,-118.2436849,"California"
"942","stweetleigh","Ramshackle ranch in SW AZ",32.242039,-110.684011,"Arizona"
"943","brian_abramson","Arlington, VA",38.8816208,-77.0909809,"Virginia"
"944","peggygilmour173","Missoula, MT",46.8721284,-113.9940314,"Montana"
"946","KellyAnneBryan1","Pennsylvania, USA",41.2033216,-77.1945247,"Pennsylvania"
"947","clylealt","California",36.778261,-119.4179324,"California"
"948","gulleyj1","Bethesda, MD",38.984652,-77.0947092,"Maryland"
"950","DJDREK84","Brunswick, Georgia, USA",31.1499528,-81.4914894,"Georgia"
"951","mjcmounna","Neverland",34.6514983,-83.8853411,"Georgia"
"953","0101oclocknews","infobahn",37.3745088,-121.9181055,"California"
"957","MagnoliaG2012","Fairfax, Virginia",38.8462236,-77.3063733,"Virginia"
"958","TheKidKidDoc","Ohio, USA",40.4172871,-82.907123,"Ohio"
"959","AshHasen","Hollywood, CA",34.0928092,-118.3286614,"California"
"961","ETSshow","Santa Rosa, CA",38.440429,-122.7140548,"California"
"964","katscully1","Qns, LI, NYC",40.744168,-73.93595,"New York"
"965","gevinella","Houston, Texas",29.7604267,-95.3698028,"Texas"
"966","estiff56","Newark, CA",37.5296593,-122.0402399,"California"
"967","logansc88","Southern California",34.9592083,-116.419389,"California"
"971","cooperday","Hurst, TX",32.8234621,-97.1705678,"Texas"
"972","kalitor","Houston",29.7604267,-95.3698028,"Texas"
"973","newssummeduphq","San Francisco, CA",37.7749295,-122.4194155,"California"
"974","judsontaylor","Gig Harbor",47.329264,-122.5801293,"Washington"
"975","RusticStoat","Stoatsville Tennessee",35.5174913,-86.5804473,"Tennessee"
"976","toppediatrician","St Petersburg, FL",27.7676008,-82.6402915,"Florida"
"977","vaxchoiceeast","Eastern America",40.880228,-73.325516,"New York"
"978","RantReaper","The Mitten State",44.3148443,-85.6023643,"Michigan"
"979","kayakendall","Texas (but not born here!)",31.9685988,-99.9018131,"Texas"
"981","NewYorker","New York, NY",40.7127753,-74.0059728,"New York"
"982","dogusainc","Texas, USA",31.9685988,-99.9018131,"Texas"
"983","upnorthlive","Traverse City",44.7630567,-85.6206317,"Michigan"
"984","ostara1099","39.120621,-84.139141",39.120731,-84.139313,"Ohio"
"985","Ken0007GShaw","La Grange, KY",38.4075666,-85.3788468,"Kentucky"
"987","KevinMcRedmond","Chapin, SC",34.1659795,-81.3498211,"South Carolina"
"989","PalmerFran","Falcon, CO",38.9383017,-104.6009415,"Colorado"
"992","ineedkindereggs","Breckenridge, CO",39.4816537,-106.0383518,"Colorado"
"993","autism_mommie","Alexandria, VA",38.8048355,-77.0469214,"Virginia"
"994","scripthacker_","Los Angeles, CA",34.0522342,-118.2436849,"California"
"996","StyxMaker","Stockton, CA, USA",37.9577016,-121.2907796,"California"
"998","whipplewoman","Lexington, KY",38.0405837,-84.5037164,"Kentucky"
"999","ZaneZodrow","Rochester, MN",44.0121221,-92.4801989,"Minnesota"
"1000","joshfallis","Kirkland, Washington",47.6768927,-122.2059833,"Washington"
"1001","azcentral","Phoenix, AZ",33.4483771,-112.0740373,"Arizona"
"1002","PemaYongchen","The Boston Mountains in the Ozark Mountain Range in Northwest Arkansas",36.0148605,-94.2333355,"Arkansas"
"1003","anarcho","California",36.778261,-119.4179324,"California"
"1004","SydneyLea","Florida",27.6648274,-81.5157535,"Florida"
"1005","therealamygray","Lompoc, CA",34.6391501,-120.4579409,"California"
"1008","MgMinsanity","Florida, USA",27.6648274,-81.5157535,"Florida"
"1009","edgeben","Clemson, SC",34.6834382,-82.8373654,"South Carolina"
"1010","MissAlicia911","Central Massachusetts, USA",42.3742486,-71.037148,"Massachusetts"
"1012","SlicksTweetz01","Los Angeles, CA",34.0522342,-118.2436849,"California"
"1013","zoeselene","Eugene, OR",44.0520691,-123.0867536,"Oregon"
"1014","4DeMeeee","San Diego, CA",32.715738,-117.1610838,"California"
"1016","rodbrown2013","Mi ",37.1651374,-95.111255,"Kansas"
"1017","JassonGellerst1","Elma, WA",47.0034291,-123.4087692,"Washington"
"1019","NVAnimusApertus","Las Vegas, NV",36.1699412,-115.1398296,"Nevada"
"1021","ScottTKelley","San Diego",32.715738,-117.1610838,"California"
"1022","loric74020047","Pennsylvania, USA",41.2033216,-77.1945247,"Pennsylvania"
"1024","juliacarriew","Oakland, CA",37.8043637,-122.2711137,"California"
"1026","CooperRaeForest","Palmer, AK",61.5997222,-149.1127777,"Alaska"
"1027","ChristieFalcon","Southern California",34.9592083,-116.419389,"California"
"1028","MalcolmES3","Los Angeles, CA",34.0522342,-118.2436849,"California"
"1029","Stoli_Babe","Psychedelic Shack ",30.487243,-87.198991,"Florida"
"1030","ClutchScience","Oregon, USA",43.8041334,-120.5542012,"Oregon"
"1031","Dega54","Maine, USA",45.253783,-69.4454689,"Maine"
"1032","RamZar1","SoCal, USA",34.9592083,-116.419389,"California"
"1033","snapshooter000","Winterfell",39.9562296,-75.2023233,"Pennsylvania"
"1034","dkegel","Los Angeles",34.0522342,-118.2436849,"California"
"1037","untamdang1","Florida, USA",27.6648274,-81.5157535,"Florida"
"1039","nichooton","Ogden, UT",41.223,-111.9738304,"Utah"
"1042","JuliaScarafone","Mars",37.0901287,-95.7150582,"Kansas"
"1043","orkoliberal","Eternia",42.4230016,-123.3139894,"Oregon"
"1044","jodiford1976","North Dakota, USA",47.5514926,-101.0020119,"North Dakota"
"1045","hotcouponmama","West Linn, OR",45.3707677,-122.6228367,"Oregon"
"1050","Lightnin87","Chandler, IN",38.0417113,-87.3680648,"Indiana"
"1051","tsteinbach4","Plano, TX, USA",33.0198431,-96.6988856,"Texas"
"1053","ProMED_mail","Worldwide",36.249758,-95.266826,"Oklahoma"
"1054","BrianBr72395967","Columbus, OH",39.9611755,-82.9987942,"Ohio"
"1055","mmmirele","Mesa, Arizona, USA",33.4151843,-111.8314724,"Arizona"
"1056","cerweightloss","Chicago, Il.",41.8781136,-87.6297982,"Illinois"
"1057","AlanLevinovitz","Charlottesville, VA",38.0293059,-78.4766781,"Virginia"
"1058","Krishna_Purr","I'm around...",40.7649368,-111.8421021,"Utah"
"1059","sioxielegend","Atlanta",33.7489954,-84.3879824,"Georgia"
"1060","DipTehCat","Leadville, CO",39.2508229,-106.2925238,"Colorado"
"1062","DJ_Erock23","Internet",37.2239612,-95.7304251,"Kansas"
"1063","RebelSyren","Earth",37.2321077,-95.7243335,"Kansas"
"1064","NBCNews","New York, NY",40.7127753,-74.0059728,"New York"
"1065","SkepticHeads","San Jose, CA",37.3382082,-121.8863286,"California"
"1066","skepticalraptor","Los Angeles, CA",34.0522342,-118.2436849,"California"
"1067","AlgorithmDancer","Oregon, USA",43.8041334,-120.5542012,"Oregon"
"1069","NextLevelIL","Chicago, IL",41.8781136,-87.6297982,"Illinois"
"1072","brittertwits","Sherwood, OR",45.3562638,-122.8402122,"Oregon"
"1074","DelightfulDaph","Enfield",42.0027181,-72.5441445,"Connecticut"
"1077","ceelle1","LA",34.0522342,-118.2436849,"California"
"1079","RodneyRohde","Texas State University - @TXST_CLS",29.888411,-97.938351,"Texas"
"1081","majrscec","Iowa",41.8780025,-93.097702,"Iowa"
"1082","mcbridetd","St Louis, MO",38.6270025,-90.1994042,"Missouri"
"1083","Jesseritenour","CA",36.778261,-119.4179324,"California"
"1086","saltfatacidyeet","""I'm from Oregon, homeboy, where the sun don't shine much...""",43.8041334,-120.5542012,"Oregon"
"1087","colleen0120","North Carolina",35.7595731,-79.0192997,"North Carolina"
"1088","ShirleyHusar","Los Angeles California",34.0522342,-118.2436849,"California"
"1092","MagickalG","Western North Carolina",35.613225,-82.583049,"North Carolina"
"1095","MedNewz","Fort Lauderdale, FL",26.1224386,-80.1373174,"Florida"
"1097","sreddi_515","Charlotte, NC",35.2270869,-80.8431267,"North Carolina"
"1099","MyRightsRI","Rhode Island, USA",41.5800945,-71.4774291,"Rhode Island"
"1100","kendracasey6","Florida, USA",27.6648274,-81.5157535,"Florida"
"1101","sarahdivine","Columbus, Ohio",39.9611755,-82.9987942,"Ohio"
"1102","DementiaJourney","Everywhere",33.7589188,-84.3640829,"Georgia"
"1103","ChrisJohnsonMD","Santa Fe, NM",35.6869752,-105.937799,"New Mexico"
"1104","RosemarieAshley","Metro-Detroit, Michigan USA",42.8105356,-83.0790865,"Michigan"
"1105","swiftnaturals10","North Carolina",35.7595731,-79.0192997,"North Carolina"
"1106","boro_eye","Brooklyn, NY",40.6781784,-73.9441579,"New York"
"1110","DonMcglashen","Michigan, USA",44.3148443,-85.6023643,"Michigan"
"1113","FightTheCensors","Florida, USA",27.6648274,-81.5157535,"Florida"
"1114","MazurekRob","EARTH",37.2321077,-95.7243335,"Kansas"
"1116","Rayleneamber","Washington",47.7510741,-120.7401385,"Washington"
"1117","TDubFL","Tampa, FL",27.950575,-82.4571776,"Florida"
"1118","DependableVA","Boston, MA",42.3600825,-71.0588801,"Massachusetts"
"1119","tucksnews","Austin, Texas",30.267153,-97.7430608,"Texas"
"1121","blesseyah","413",44.9503727,-93.0885254,"Minnesota"
"1125","adanagirl","Texas",31.9685988,-99.9018131,"Texas"
"1129","roaldc48","Planet Earth",41.909611,-87.771964,"Illinois"
"1130","fxp123","Kennesaw GA",34.0234337,-84.6154897,"Georgia"
"1133","Coping_Well","Denver, CO",39.7392358,-104.990251,"Colorado"
"1134","kristinsullivan","Saint Paul, Minnesota",44.9537029,-93.0899578,"Minnesota"
"1135","egoodman","Yes, please.",39.7698766,-104.9574642,"Colorado"
"1136","FourelementsRec","NYC",40.7127753,-74.0059728,"New York"
"1137","ConiDubois","Gray Louisiana",29.6977108,-90.786481,"Louisiana"
"1138","HappyTravler","Chino Hills, CA",33.9898188,-117.7325848,"California"
"1139","LogicIsGone","Seattle, WA",47.6062095,-122.3320708,"Washington"
"1141","karyfontaine","TEXAS",31.9685988,-99.9018131,"Texas"
"1143","GemCollector64","Parsons, Tn.",35.6497909,-88.1267024,"Tennessee"
"1144","the_profed","Dallas, TX",32.7766642,-96.7969879,"Texas"
"1146","marthakiefferRN","East Valley Phoenix, AZ",33.4483771,-112.0740373,"Arizona"
"1148","Laurie_Garrett","New York, NY",40.7127753,-74.0059728,"New York"
"1149","moreofpj","On the moon <U+0001F319>",41.257976,-95.966327,"Nebraska"
"1150","jadediva760","Lost",36.834603,-94.6171303,"Missouri"
"1151","EndPolioNow","Evanston, IL",42.0450722,-87.6876969,"Illinois"
"1152","GMOLabelSpokane","Spokane, WA",47.6587802,-117.4260465,"Washington"
"1154","janellefiona","New York",40.7127753,-74.0059728,"New York"
"1156","nico7981","Madison, WI",43.0730517,-89.4012302,"Wisconsin"
"1157","RiverCityPets","Olive Branch, MS ",34.9617604,-89.8295315,"Mississippi"
"1158","fredhutch","Seattle",47.6062095,-122.3320708,"Washington"
"1159","mqcapps","I live here!",30.2596332,-97.718551,"Texas"
"1160","RedGypsyJiF","Colorado",39.5500507,-105.7820674,"Colorado"
"1161","LandaStone1","Florida, USA",27.6648274,-81.5157535,"Florida"
"1162","ThePuppyDogKing","Springfield, VA",38.7892801,-77.1872036,"Virginia"
"1163","J_Roberts8","Cambridge, MA",42.3736158,-71.1097335,"Massachusetts"
"1164","4GirlPOWEREnt","Beverly Hills, CA",34.0736204,-118.4003563,"California"
"1166","jentaps","El Dorado Hills, CA",38.6857367,-121.082167,"California"
"1168","GovDeception","top secret",43.6189584,-89.7844201,"Wisconsin"
"1169","taylordatsme","Louisiana, USA",30.9842977,-91.9623327,"Louisiana"
"1170","WordGirlSam","Baltimore, Md",39.2903848,-76.6121893,"Maryland"
