"","screenName","location","latitude","longitude","state","tweetID","text"
"1","_ashleyterry_","Bellingham, WA",48.7519112,-122.4786854,"Washington",1100475632281104384,"Gua Sha : to clear puffiness under my eyes, smooth fine lines, and help keep my skin clear by stimulating the lymph… https://t.co/bSVgAtopFZ"
"2","_ashleythomas","lexington ky",38.0405837,-84.5037164,"Kentucky",1100555321225945088,"On a happier note- mono is actually progressing my weight loss goals because the lymph node in my neck is the size… https://t.co/nTjk0SarfU"
"3","_bhog_","Cleveland",41.49932,-81.6943605,"Ohio",1101189012772016128,"@Bri_Halei Damn that’s crazy my shit felt like that too!.. head,ears,&amp; my lymph nodes were swollen smh I feel your pain. <U+0001F62B>"
"4","_I_d_u_n_","a rivermouth near you",46.5554597,-85.034057,"Michigan",1101021686592352256,"does anyone have any experience on figuring out whether something is a swollem lymph node or an abscess"
"5","_lycheemonster","Olympia, WA",47.0378741,-122.9006951,"Washington",1101541888295751680,"Gotta get my lymph in order https://t.co/hOIxqViWHr"
"6","_MissMelody","Springfield, OREGON",44.0462362,-123.0220289,"Oregon",1102259914766839808,"Woke up severely congested, head and lungs, lymph nodes in neck huge... thought I was going to die..body aches.. et… https://t.co/zGOeNirMFf"
"7","_YOUNGBABY_","nyc",40.7127753,-74.0059728,"New York",1100913709092880384,"@nnHirsch @alsfoodjournal Absolutely yes apparently she rolls and drains ur lymph out first and then does the thing"
"8","21Drea__","209",39.04189,-94.58426,"Missouri",1102028919463534592,"@FknAngie No they aren’t red. Usually my lymph nodes get really swollen. If it gets worse i definitely will."
"9","420lanie","Texas, USA",31.9685988,-99.9018131,"Texas",1101133656515596288,"Michael House from the UK was told he had incurable prostate cancer that had metastasized to his pubic bone and his… https://t.co/5eclN9Esy1"
"10","7niner6","Pennsylvania, USA",41.2033216,-77.1945247,"Pennsylvania",1100422347574648832,"@LivWithMelanoma best of luck to you !! My husband has been beating melanoma for 8 years been in active immunothera… https://t.co/hJVmqtFM4g"
"11","7niner6","Pennsylvania, USA",41.2033216,-77.1945247,"Pennsylvania",1100424399050690560,"@MelanomaUnfilt1 glad to see others who fight the fight for melanoma !! My husband has been beating melanoma for 8… https://t.co/Zsmfzd1hAm"
"12","abbiepinski","Yukon, OK",35.5067215,-97.7625441,"Oklahoma",1101213114341752832,"my body literally hates me rn. i’ve gained 10 pounds in 2 months. i have swollen lymph nodes, one of my wisdom teet… https://t.co/8dJAbAJB7f"
"13","AestheticMDoc","New York, NY, United States",40.7127753,-74.0059728,"New York",1101864508232999936,"Cosmetic - Aesthetic &gt; Prophylactic Incisional Negative Pressure-- https://t.co/aYvxPKhJzf #plastic"
"14","Ageless_Herbs","North Carolina USA",35.7595731,-79.0192997,"North Carolina",1100485401532424192,"A gentle spring detoxification formula that stimulates the flow of lymph &amp; clears liver congestion:… https://t.co/NQVqmtLeXS"
"15","AGYG2014","Under Ground ",47.602375,-122.333654,"Washington",1101211812400455680,"@daveyesfan @DiscoverMag I always thought that our lymph nodes were gills as a child, when unwell, I'd complain about my gills being sore!"
"16","ahisom74"," Jackson, Tennessee",35.6145169,-88.8139469,"Tennessee",1101867500491427840,"@Iamjeanniejean @diamondslil @BentButterfly1 @LadegastTia @GillPill77 @DebbyCov @79Aspen @ThisisKirstenC… https://t.co/RMHfBZOcZ2"
"17","AleaJuneMortens","Downey, CA",33.9401088,-118.1331593,"California",1100655663724748800,"During my moms surgery they found 3 lymph nodes and they could only see 1 out of the 3 that had cancer so they had… https://t.co/wCIVddJ2Ra"
"18","Alexavilla__","Stephenville, TX",32.2206958,-98.2022633,"Texas",1100934427239174144,"Y’all my lymph node is swollen so I googled it and it said sudden swelling of it indicates cancer so goodbye"
"19","AllyHartman","St. Francis University '18",40.50382,-78.6376191,"Pennsylvania",1101149244516384768,"@Abi_Waksmunski My lymph nodes are so swollen you can see them from a mile away <U+0001F602> peds is killing me lmao"
"20","AnnaDsays","Austin, TX",30.267153,-97.7430608,"Texas",1100200822787506176,"My ears hurt and the lymph nodes in my neck are all swollen. Ugh."
"21","ASCO","Alexandria, VA",38.8048355,-77.0469214,"Virginia",1101202931318173696,"New ASCO Guideline on Head and Neck Cancer Clarifies Lymph Node Management: https://t.co/E80v2nMitO #ASCOdailynews #hncsm"
"22","AshieCorner","Ohio, USA",40.4172871,-82.907123,"Ohio",1101129535960039424,"Today is #RareDiseaseDay and I wanted to talk about Primary Lymphedema. This is a disease that starts at birth when… https://t.co/BQjsQ3frgK"
"23","ashley__willis","Halloween Town",34.170582,-118.339838,"California",1100936991926087680,"my head kills, my throat is sore, my lymph nodes are swollen + they hurt like a bitch :)))"
"24","AssociateMTs","Fort Wayne, IN",41.079273,-85.1393513,"Indiana",1100395107675705344,"Long-term benefits of regular massage:
•Improve blood &amp; lymph flow 
•Improve flexibility
•Relief pain
•Relief stres… https://t.co/3LS7TmXjcg"
"25","Awithonelison","New Jersey",40.0583238,-74.4056612,"New Jersey",1100450619733786624,"@Nopesorrydumbo @5hackie @Jordan_Sather_ @PatriotDreamerz There is also a lymph system in the brain that's separate… https://t.co/fHpmxWhyDO"
"26","ayekrissy","St Louis, MO",38.6270025,-90.1994042,"Missouri",1101332677276372992,"Whewwww I can finally get some sleep! My lymph node felt swollen but it’s been like that for months now"
"27","bagel_angel_","Flavortown, USA",33.206648,-82.389809,"Georgia",1101364589961400320,"say hello to my little friend (lymph node)"
"28","balancecancer","New York, NY",40.7127753,-74.0059728,"New York",1101648947351879680,"The rebirth one year after the surgery to remove my breastcancer my mastectomy and lymph node extraction and how I… https://t.co/0xZ9LNil2Q"
"29","bbycurves","Lazy Links",45.076836,-93.1360529,"Minnesota",1100515855325114368,"The fact that people can’t come to work for bullshit excuses but I can be there with ear infections and an inflamed lymph node <U+0001F602>"
"30","BChilt","Los Angeles, CA",34.0522342,-118.2436849,"California",1100936080906317824,"@NielsKnk Could just be that cheeseburger w onions from yesterday floating through her lymph."
"31","BeccaPrevisMD","Durham, NC",35.9940329,-78.898619,"North Carolina",1101246073430048768,"No benefit in PFS or OS (but higher complications) for advanced #OvarianCancer patients who received pelvic and PA… https://t.co/Atb4mb2XaQ"
"32","beckadelic","Palm Bay, FL",28.0344621,-80.5886646,"Florida",1101739765299331072,"@D1Antc “Lymph nodes” lol... like who came up with this term. <U+0001F9D0> anyway, maybe try some Chloraseptic throat spray! I… https://t.co/JlkOkb896i"
"33","BiggestComeback","New York",40.7127753,-74.0059728,"New York",1101534159162535936,"@TrumbullSteve Red, white, lymph, neutrophil, you name it..."
"34","Billcaswell8","Louisville, KY",38.2526647,-85.7584557,"Kentucky",1100621729460830208,"It’s a 11:55 pm I’m tired <U+0001F634> can’t sleep cause I have a lot on my mind root canal at 8am then Thursday having anothe… https://t.co/x9z9SzZvN0"
"35","bimbomouse","Virginia, USA",37.4315734,-78.6568942,"Virginia",1101357929553379328,"if i have a stomach ache, headache, swollen lymph nodes and I’m losing weight, would you consider me sick?"
"36","BitchWithA_W","Boston, MA",42.3600825,-71.0588801,"Massachusetts",1100508576076967936,"my tonsil and lymph node has been swollen on the right side for a little over a week and I have rly rly bad inner e… https://t.co/p5XOAEivvy"
"37","blamom","PA",41.2033216,-77.1945247,"Pennsylvania",1100859724059295744,"Scientists study tattooed corpses, find pigment in lymph nodes https://t.co/fomg0XG7DQ"
"38","bobbslobber","usa new york",40.7127753,-74.0059728,"New York",1101265932603834368,"@iammickloven Usually that is a freak out and lymph nodes are there that fight infection, but let them look down in… https://t.co/qAJLesMusy"
"39","brain_bpd","Michigan, USA",44.3148443,-85.6023643,"Michigan",1102184337670397952,"Woke up with swollen lymph nodes and stuffy nose <U+0001F629> I can’t handle being more unwell right now <U+0001F62D>"
"40","BusDadInc","Vermont",44.5588028,-72.5778415,"Vermont",1100231352904019968,"@Laser_Cat Yep, and some lymph nodes"
"41","canis_brillante","ATX",30.2649158,-97.7493159,"Texas",1100810180986572800,"me, at my lymph nodes as they are slightly larger than they were yesterday: https://t.co/tdmK8t0DrX"
"42","CassieJLind","Las Vegas, NV",36.1699412,-115.1398296,"Nevada",1102259648134995968,"@askjillian Exactly what I had.  It got to 10/17 lymph nodes."
"43","CharleeHoffman","Missoula, MT",46.8721284,-113.9940314,"Montana",1100110085785702400,"I am extremely ill and in a lot of pain. I got sick my last week in Italy, and what started out as a simple head co… https://t.co/rkUIZDPl70"
"44","chhardman","Utah",39.3209801,-111.0937311,"Utah",1100392982379786240,"The rebounder increases lymph circulation throughout the body but up to 10x it's normal rate."
"45","ChrisVanD4","California, USA",36.778261,-119.4179324,"California",1101296703569682432,"So had a visit will my buddy i went to the academy with he has Stage IV cancer in a lymph node by his arm. He is ta… https://t.co/mEjbxtviDN"
"46","chupacabrito","Dallas, TX",32.7766642,-96.7969879,"Texas",1101232410400907264,"Voir dire just finished. DUI case. Waiting to see if I’m one of the 6 out of 24 people. I think the defense liked m… https://t.co/LPXSBGg3I3"
"47","CMC_Lancaster","Lancaster, Texas",32.5920798,-96.7561082,"Texas",1100455970097061888,"Improve your circulation &amp; help your lymph glands to drain by the way you towel off. Helping your lymph glands func… https://t.co/lR5Ume5u7h"
"48","connied319","Slidell, LA",30.2751945,-89.7811745,"Louisiana",1100789685201326080,"@TGDsquad My Grandson has what they originally described as a bacterial infection in his lymph nodes that has retur… https://t.co/AVFj7GVkwb"
"49","copperheaad","Inglewood, CA",33.9616801,-118.3531311,"California",1100164659414368256,"It’s cold season y’all, raw crushed garlic and honey will fix that. As well as warm lime slices on your lymph nodes… https://t.co/Jzym3RQyIY"
"50","crosearch1","Charleston, SC",32.7764749,-79.9310512,"South Carolina",1101597071662972928,"After his fourth treatment on Wednesday Indigo was in complete remission lymph nodes back to normal.  We will have… https://t.co/zpPc5xxdHr"
"51","CrossoBethers","Florida, USA",27.6648274,-81.5157535,"Florida",1100453639116730368,"My sister who does radiation therapy just started asking me questions about a swollen lymph node that I’ve have for 4 years <U+0001F633>"
"52","CryptoGlamDoll","Atlanta ",33.7489954,-84.3879824,"Georgia",1101900399760629760,"@awwhalenawl You gotta detox your armpits . The advice is to use betonite clay or that Aztec clay. I’d do it once a… https://t.co/OF72rkbAL9"
"53","Ctaggart21","Utah, USA",39.3209801,-111.0937311,"Utah",1100971465032122368,"Mixing the alcohol with my pulls is starting to take effect.  Hands are red as shit everything else is normal besid… https://t.co/HpzhEFfDEj"
"54","DaleYuzuki","Maryland USA",39.0457549,-76.6412712,"Maryland",1101294838388047872,"Manojlovic #AGBT19 Low volume=lymph node mets, lower mortality. Hi volume=escape to bone or visceral mets. Aggressi… https://t.co/rjXCnANGET"
"55","debbiegoins74","Phenix City, AL",32.4709761,-85.0007653,"Alabama",1100543273649754112,"Update: As expected, the doctor recommends that I have my lymph nodes checked. So, I will have one more surgery on… https://t.co/4JEVUTP7C2"
"56","debbiegoins74","Phenix City, AL",32.4709761,-85.0007653,"Alabama",1100575420192358400,"@Jamie17452 Yes!! As long as my lymph nodes are clear. Which I have faith they WILL BE <U+0001F64F><U+0001F3FB>"
"57","debryan96962349","Watertown, NY",43.9747838,-75.9107565,"New York",1101648030359580672,"No alcohol!  I do not drink!  I do have lymph massages with my PT and do sauna's, as well as meditation!  Thank you… https://t.co/TKZIhnWph3"
"58","deedee_regan","Michigan, USA",44.3148443,-85.6023643,"Michigan",1101124173143908352,"The diagnosis is Stage 2 Invasive Ductal Carcinoma with it also being in her lymph nodes, the treatment plan is to… https://t.co/VgpXFjEy2R"
"59","deepinsights19","Dunya",38.8138332,-77.1352756,"Virginia",1100385394498174976,"@Dietpopsicle @Theway76709861 @KitemanArgues @JustBasharico @Unlockthedoor77 @054durin @rasaputins @Colossis2… https://t.co/0eku5YO397"
"60","devorahjsklar","Orcutt, CA",34.8652574,-120.4359966,"California",1102290558779678720,"Scientists study tattooed corpses, find pigment in lymph nodes https://t.co/mtpbDR3PwW"
"61","DFXCustoms","Bradenton, FL",27.4989278,-82.5748194,"Florida",1101785446684737536,"Crazy to think 3 years ago to this day I got misdiagnosed with a form of cancer that could have been leukemia or ly… https://t.co/2K1RJQffA1"
"62","DiagnosticCyto","Malden, MA",42.4250964,-71.066163,"Massachusetts",1100410569985744896,"Diagnostic utility of immunohistochemical analysis and Epstein–Barr virus-encoded small RNAs in situ hybridisation… https://t.co/991XWT98mr"
"63","diamondsamosa","TRUE NORTH",32.7477155,-117.1299354,"California",1101564910272684032,"where the hell are the lymph nodes"
"64","Ding_Gorgeous","Rochester, MN",44.0121221,-92.4801989,"Minnesota",1101569141432086528,"Week three chemotherapy is complete! Our vet said Ellie is doing great! Her lymph nodes and lip mass continue to sh… https://t.co/iz0a8ZWoPw"
"65","DLauro","Hell",42.43472,-83.985,"Michigan",1101760353183000064,"Silence of the Lymph Nodes  #BodyPartFilms"
"66","dollfvceshay","Columbus, OH",39.9611755,-82.9987942,"Ohio",1102015599901921280,"I got rid of fever on my own and now my headaches are less and lymph nodes going back down .. if it wasn’t getting… https://t.co/HRXMHHYeEa"
"67","dorobothy_p","The Freshest of Hells",40.7608862,-73.9890184,"New York",1101003085030326272,"The first thing I do in the morning is brush my lymph node and sharpen my mouth."
"68","dorobothy_p","The Freshest of Hells",40.7608862,-73.9890184,"New York",1100957799725572096,"The first thing I do in the morning is brush my lymph node and sharpen my collar bone."
"69","dovahmhysa","Los Angeles, CA",34.0522342,-118.2436849,"California",1100876427166068736,"Absolutely LOVE how my body just keeps inventing new problems. Strep throat? Boring. The flu? Meh.

All the lymph n… https://t.co/5adzWW8czG"
"70","DrewMoghanaki","Atlanta, GA",33.7489954,-84.3879824,"Georgia",1101657212366270464,"@waleed246 @BrendonStilesMD Last time I checked, the evidence shows that DM risk after surgery or SBRT for clinical… https://t.co/AAzZrTEtR1"
"71","drgarynull","NYC",40.7127753,-74.0059728,"New York",1100880938274357248,"Scientists study tattooed corpses, find pigment in lymph nodes https://t.co/QrVnU9BRr4"
"72","DrHeelan","West Palm Beach, FL.",26.7153424,-80.0533746,"Florida",1100368111549726720,"Scientists study tattooed corpses, find pigment in lymph nodes https://t.co/ojMNz3ktBg"
"73","DrPhilippaJhean","South Side, Chicago",41.8054641,-87.6087638,"Illinois",1102253808090939392,"Support your body's natural cleansing pathways with these daily practices https://t.co/pXwx1vnbbm #body @mindbodygreen @thewholecure"
"74","Dubhly13","Illinois, USA",40.6331249,-89.3985283,"Illinois",1100122611139469312,"@EmilyHopeAllyn Yes it is, so comment still stands Em ;) cute doggie.
I just found a lump near the back of the jaw… https://t.co/vepv2ZMJhc"
"75","ECAware","worldwide",36.249758,-95.266826,"Oklahoma",1100817863798124544,"#ECAA
#ECAware https://t.co/W7082zAFKi"
"76","ekhanafshar","San Francisco, CA",37.7749295,-122.4194155,"California",1101240723926540288,"#FNA of a cervical lymph node in a HIV+ patient #CytoPath #cytology https://t.co/PDj99gHu5k"
"77","elisabobisa917","San Leandro, CA",37.7249296,-122.1560768,"California",1100808279997833216,"@SenKamalaHarris I’m guessing none of the people commenting on this thread have ever been close to carrying a no vi… https://t.co/tLxBxcX0jV"
"78","ElizabethGalen","Austin, Texas",30.267153,-97.7430608,"Texas",1100903676225470464,"@CteenDryer Phytolacca decandra is a homeopathic that might help. Ear candling helps a lot but isn't recommended by… https://t.co/oIRlDDhL9j"
"79","EmbryoResist","New Jersey, USA ",40.0583238,-74.4056612,"New Jersey",1101617917546905600,"@RogueEPAstaff Note the increased *apoptosis* there -- that's programmed cell death.
Cleared by the immune system /… https://t.co/TPsXxcURhD"
"80","eoElevate","Utah and Texas ",39.3209801,-111.0937311,"Utah",1101968382922903552,"Scott Hathaway is going to be sharing his lymph knowledge next week! If you are local to the Boise /Nampa area.....… https://t.co/LErdX9P3Fs"
"81","ErYeezy","713",29.74255,-95.399022,"Texas",1101971047522414592,"I’m all done with my work!!! Glory!! But this lymph node is swollen and irritating me"
"82","exervolve","Sparta, NJ",41.0334562,-74.6363588,"New Jersey",1100760763847839744,"So we learned some new stuff recently. If you were wondering why we closed for 3 days click the link below… https://t.co/w7GjLlQR6M"
"83","FandIncollingo","Central NJ",40.0583238,-74.4056612,"New Jersey",1101183608411377664,"In the spring issue of CURE, we will explore whether lymph node transplants could be the answer to resolving lymphedema. #cureconnect"
"84","Farida_126","out of the box",42.8120578,-86.0158654,"Michigan",1101550334307168256,"@zeinaamohamedd Graph mafish, dna, antibody, lymph node"
"85","finesse_god_","Chicago",41.8781136,-87.6297982,"Illinois",1100652667439861760,"Real life hate being sick especially to the point my lymph nodes swell up"
"86","fnyland45","Massachussetts,US",42.4072107,-71.3824374,"Massachusetts",1101889669464240128,"Every Sunday Yoga class at 9am, come and participate!
Some benefits:
It improves posture, prevents joint pain, prot… https://t.co/6sVohUh9os"
"87","gastroendonews","New York, New York",36.1023715,-115.1745559,"Nevada",1101995922353844224,"Dr. Klapman: fiducials mostly studied in pancreas, but also performed in stomach, esophagus, lymph nodes and other… https://t.co/1W6xLnHymV"
"88","GaunderSaige","Kalamazoo, MI",42.2917069,-85.5872286,"Michigan",1100370232101818368,"Remember how I said swollen lymph nodes weren’t a joke well bronchitis in February shouldn’t be a thing <U+0001F610>"
"89","gdinspired1","World Wide",36.249758,-95.266826,"Oklahoma",1100301839210295296,"6 Steps to Decongest the Lymph | John Douillard's LifeSpa https://t.co/omZv73q45X"
"90","geoffreyburns","Ann Arbor, MI",42.2808256,-83.7430378,"Michigan",1102030825019920384,"If I had to guess, I’d say he’s cupping his lymph nodes (neck and groin) https://t.co/uQY3Qwo5U5"
"91","GEResearch","Across the globe",30.2612181,-81.5876595,"Florida",1100939646505242624,"<U+0001F52C>We're researching the use of quantitative-ultrasound (QUS) methods to detect metastases in lymph nodes in a broad… https://t.co/eWxTkmbqqH"
"92","GFandGlittery","Los Angeles, CA",34.0522342,-118.2436849,"California",1102036655123263488,"@medicalaxioms I’m also in medicine and he took a photo of lymph node because I wanted to see it <U+0001F602> he was awesome.… https://t.co/77na3TLIep"
"93","GFandGlittery","Los Angeles, CA",34.0522342,-118.2436849,"California",1102036513380950016,"@medicalaxioms Age 22, needed occipital lymph node remove to r/o lymphoma. Surgeon came in &amp; asked to see hairline… https://t.co/y3uqszQvtd"
"94","graceakichan","New York, USA",40.7127753,-74.0059728,"New York",1101227783643168768,"*massages inflamed lymph nodes* 
Ah yes indeed it seems as though I AM sick"
"95","greydnls","Brooklyn, NY",40.6781784,-73.9441579,"New York",1100503188271218688,"Me: I wanna get swol this year. 
My lymph nodes: https://t.co/vwh1Wf1J8m"
"96","grinchmotron","Whoville",43.0135456,-89.4698158,"Wisconsin",1102134280279474176,"Your lymph node's a helpful chasm, your ovary's full of porcupines"
"97","grinchmotron","Whoville",43.0135456,-89.4698158,"Wisconsin",1102330574033862656,"Your lymph node's an empty hole"
"98","grinchmotron","Whoville",43.0135456,-89.4698158,"Wisconsin",1102239979869220864,"Your lymph node's an empty subscription"
"99","hamsacenter","Chicago, IL",41.8781136,-87.6297982,"Illinois",1100883699267194880,"When digestion is weak, lymph is stagnant, and toxins have circulated and deposited in the deeper tissues of the bo… https://t.co/LOu47z8MzV"
"100","HeartsatPlay","Ventura, California, USA",34.2804923,-119.2945199,"California",1101526117653991424,"Children naturally move to learn. Movement stimulates lymph, builds bone, oxygenates the brain, and facilitates sen… https://t.co/nUt2UvifeJ"
"101","HeartsatPlay","Ventura, California, USA",34.2804923,-119.2945199,"California",1101899830027182080,"Children naturally move to learn. Movement stimulates lymph, builds bone, oxygenates the brain, and facilitates sen… https://t.co/7CDhC4rOUw"
"102","HeartsatPlay","Ventura, California, USA",34.2804923,-119.2945199,"California",1100467377303474176,"Children naturally move to learn. Movement stimulates lymph, builds bone, oxygenates the brain, and facilitates sen… https://t.co/lj8uyf2Glj"
"103","HeartsatPlay","Ventura, California, USA",34.2804923,-119.2945199,"California",1102317892169719808,"Children naturally move to learn. Movement stimulates lymph, builds bone, oxygenates the brain, and facilitates sen… https://t.co/VLZriqTgCs"
"104","HeartsatPlay","Ventura, California, USA",34.2804923,-119.2945199,"California",1101158202580787200,"Children naturally move to learn. Movement stimulates lymph, builds bone, oxygenates the brain, and facilitates sen… https://t.co/uxhRFDNqYE"
"105","HeartsatPlay","Ventura, California, USA",34.2804923,-119.2945199,"California",1100843908412534784,"Children naturally move to learn. Movement stimulates lymph, builds bone, oxygenates the brain, and facilitates sen… https://t.co/qIk0fC1Xrm"
"106","hoenestIyy","NYC",40.7127753,-74.0059728,"New York",1100250170330091520,"Am I finna die because my lymph nodes swollen asf and I feel like I’m about to throw up <U+0001F633>"
"107","iamelexus","Santa Clara, CA",37.3541079,-121.9552356,"California",1100149624461918208,"my lymph nodes are literally on sicko mode"
"108","icantfindmybees","Lafayette, LA",30.2240897,-92.0198427,"Louisiana",1100863447733022720,"God I hate my lizard brain, I was at the doctor and she was feeling my lymph nodes and was like “huh you have unusu… https://t.co/C4CGT5iyez"
"109","IceSheetMike","Cheyenne land, Boulder, CO",39.9902347,-105.2351338,"Colorado",1102236252277858304,"So thankfully, my son is fine. It wasn’t appendicitis, it was swollen lymph nodes in his abdomen causing the pain a… https://t.co/2IAtHLqIcs"
"110","IconicLucky","Hell, NM",34.9039412,-106.4336333,"New Mexico",1100210384739422208,"@seansthirdeye Inner thigh swelling can be lymph nodes. Your immune system could be crying out for help... According to my doctor."
"111","IJSurgery","Global",37.0329949,-95.6400855,"Kansas",1100362223300403200,"The role of thymus preservation in parathyroid gland function and surgical completeness after bilateral central lym… https://t.co/tc8T9qDrw7"
"112","ImplantedTI","Burbank, CA",34.1808392,-118.3089661,"California",1101106235422601216,"Feb28/5am (509) Getting gassed with a chemical that always makes my lymph nodes swollen. #CBRNE… https://t.co/lL3YcMKmRh"
"113","Iowa4HTiffany","Des Moines, IA",41.5868353,-93.6249593,"Iowa",1100969234023239680,"@itsnot_pink I'm very sorry for your loss &amp; am lifting up prayers for her family. <U+0001F64F> I have a friend who is 37 w 3 s… https://t.co/JwHMlEVjAi"
"114","J26856126","Quantum",37.724043,-97.415992,"Kansas",1102289563643531264,"https://t.co/KWZdSI5ldh

This exact vax tore off literally my skin off. Extremely painful experience. Couldn’t put… https://t.co/oBtqGmWU1F"
"115","JAMADerm","Chicago, IL",41.8781136,-87.6297982,"Illinois",1101957854062395392,"Visit @JAMA_current booth 2305 at #AAD2019 to get a copy of the just published @JAMADerm paper ""Lymph node ratio is… https://t.co/sLXICujQW5"
"116","JAMASurgery","Chicago, IL",41.8781136,-87.6297982,"Illinois",1101980505791184896,"Having 4 or more positive #lymphnodes is associated with earlier disease recurrence, and a minimum of 8 lymph nodes… https://t.co/9KqFHmBcDX"
"117","jediyuhdigg","Los Angeles, CA",34.0522342,-118.2436849,"California",1100790329274298368,"Haven’t done an update in a while. Still alive. Just been busy with appts. And dealing with symptoms. Been having t… https://t.co/NAccCGovif"
"118","JeffreyKanneMD","Madison WI",43.0730517,-89.4012302,"Wisconsin",1101122925531410432,"FDG-PET/CT does not perform as well in staging mediastinal lymph nodes for non-small cell lung carcinoma in patient… https://t.co/zELNWhZ0re"
"119","Jenjay12","New Jersey",40.0583238,-74.4056612,"New Jersey",1100198078450229248,"7 Ways To Unclog Lymph Nodes To Reduce Swelling, Flush Out Toxins And Boost Immune System https://t.co/566rgWIImq"
"120","Joeybrown12345","Butte, MT",46.0038232,-112.5347775,"Montana",1102098326923759616,"n @pepsi i've drank nothing but diet pepsi for 8 and a half years and all my lymph nodes are swollen and i've been… https://t.co/GPL1D78b3B"
"121","John_Larson16","Frankfort, IL",41.4958665,-87.8486613,"Illinois",1100534102401396736,"my lymph nodes swell for a week and then just go away. it is remarkable."
"122","jonathon_clark","Richmond, KY",37.7478572,-84.2946539,"Kentucky",1100700976732868608,"@JeMari81 Her lymph nodes started swelling in her hind legs and in her throat. I told the vet about it during a check up"
"123","jordanlacy_","Kent, OH",41.1536674,-81.3578859,"Ohio",1102321853601931264,"12/10 would not recommend doing anything at all 2 days after getting a lymph node biopsy. #everythinghurts #andimdying"
"124","JulieThoren","Methuen, MA",42.7262016,-71.1908924,"Massachusetts",1101001311976329216,"@BrowofJustice Tells the percentage of WBC’s (neutrophils (polys), lymph’s, monocytes, eosinophils, basophils, nucl… https://t.co/e0OzvM8ugw"
"125","KaeCruze","Oregon, USA",43.8041334,-120.5542012,"Oregon",1101133353531584512,"My 22 Year Old Grandchild. was Diagnosed with Stage III Testicular Cancer this month :(  Spread to Lymph and Lung (… https://t.co/cmEg59PRfG"
"126","KaitlinSundling","Wisconsin, USA",43.7844397,-88.7878678,"Wisconsin",1101896789869891584,"@ReyPathology @BinXu16 @DrZakurdaev @aakasharmand @gross @ENTpathology Intrathyroidal lymph node involved by lymphoma? Metastasis?"
"127","KarenKrystal29","Forney, TX",32.7481845,-96.4719312,"Texas",1100628824985952256,"..the epidermis that contains blood, lymph vessels, sweat glands, and nerve endings, generating a burning sensation… https://t.co/NSAFvxP4Ot"
"128","karnivore11","IV <U+2194><U+FE0F> Ames",42.0307812,-93.6319131,"Iowa",1100238970334703616,"My throat feels like I swallowed a handful of razor blades, I have a thin coat of Cortizone cream covering these bi… https://t.co/NlHKUSu6YO"
"129","kasetthoe","Florida, USA",27.6648274,-81.5157535,"Florida",1101593495633055744,"@nosefetish lymph node is right under your chin. it's probably swollen."
"130","KateVasey","Portsmouth, NH",43.0717552,-70.7625532,"New Hampshire",1100523264319868928,"@PIGTROUGH10 @Shazzyrm @K4Owen Yes, I get tired very easily and get crushing Post-Exertional Malaise. They took out… https://t.co/SAwYksHrgH"
"131","kelseyyvictoria","vacation.",36.2725826,-96.0510498,"Oklahoma",1100432481105440768,"Going into my second week of whatever this is I got going on..
My sinus pressure has gone down, but mocos and lymph… https://t.co/yW3MmmJ8G5"
"132","kim_wilz","washington indiana",38.6592152,-87.172789,"Indiana",1101551967258771456,"@sadierob Can I ask for your prayers. I just found out recently i have 3 tumors. 1 one in my lung and 2 in my lymph… https://t.co/RYpU3aK0SM"
"133","Kimb3rlyAnn_","The North ",35.4617956,-97.649336,"Oklahoma",1101324486182346752,"@jrsunshine333 Possibly. I just hope it’s nothing serious. My lymph nodes are getting more swollen by the day, and… https://t.co/4GTCAdHF4s"
"134","Kimb3rlyAnn_","The North ",35.4617956,-97.649336,"Oklahoma",1101179774851076096,"It’s Day 10 of the #2019EarInfection - the antibiotics have proven ineffective. My body has given up. Body is worki… https://t.co/DpEAn3LbO2"
"135","KimberlyCHHC","Minnesota",46.729553,-94.6858998,"Minnesota",1100787703476436992,"Lymphatic vessels = giant drainage system for your body. Learn about how to keep your system clear, right here:… https://t.co/LdXm0PkFVR"
"136","kt_maye","space",36.7499658,-95.9626008,"Oklahoma",1100635459875753984,"why aren't more people talking about swollen lymph nodes"
"137","kyl3charisma","Conroe, TX",30.3118769,-95.4560512,"Texas",1102112379146514432,"After 4 months of dealing with a swollen lymph node and having it removed, this is the moment i found out it wasn’t… https://t.co/Uy0ZGfnCAm"
"138","LacyDrake84","El dorado,Kansas",37.81724,-96.8622524,"Kansas",1100462793399111680,"So Jeff went to the oncologist today, at first they thought it was heck and neck cancer because the cancer was foun… https://t.co/22QA0gSBJO"
"139","LaredoHealth","Laredo, TX",27.5035613,-99.5075519,"Texas",1100392522319388672,"Do you know the symptoms of a #sore #throat? If 'yes' to these symptoms, you may need to visit your #healthcare… https://t.co/C1bzUXydBM"
"140","le4che","Houston, TX",29.7604267,-95.3698028,"Texas",1101180239374372864,"Get them removed or you may need penicillin. I found out as a kid I was allergic by taking it for my swollen tonsil… https://t.co/l6EfvhkPYp"
"141","Lean_Meats","Albuquerque, NM",35.0843859,-106.650422,"New Mexico",1100436028622434304,"@ReaganPennypac1 lol my lymph node got so huge bc of allergies when i was younger it had to be removed"
"142","lefer_medevac","Atlanta, GA",33.7489954,-84.3879824,"Georgia",1101949399612178432,"@POCUS_Society Azygos lymph node??"
"143","lendeschwartz","Pennsylvania, USA",41.2033216,-77.1945247,"Pennsylvania",1101172116202893312,"We do not currently see a lot of lymph node dissections in these patients, but now perhaps we won't see any… https://t.co/sZBoj89vsl"
"144","LeslieBattenND","Spokane WA",47.6587802,-117.4260465,"Washington",1100403297842647040,"@asthehosptuRNs Centor Criteria:
Elevated temp?
Absence of cough?
Swollen lymph nodes?
Exudates?

You seem to meet… https://t.co/oGbjBpxmLo"
"145","leslieknee","Silver Spring MD",38.9906657,-77.026088,"Maryland",1102011266162401280,"I do offer pre- and post- surgical Manual Lymph Drainage. Light, gentle strokes encourage lymph to flow more freely… https://t.co/0FVRCCYLDV"
"146","LockettLab","Chapel Hill, NC",35.9131996,-79.0558445,"North Carolina",1100118422799769600,"@PompanoLab gave a great seminar today at @UNC chemistry! Amazing results--new microfluidic tools and measurements… https://t.co/dbCy0LmioY"
"147","LoDoCrypto","Denver, CO",39.7392358,-104.990251,"Colorado",1101374526833618944,"No zombie deer lymph nodes for me this spring <U+0001F62B> https://t.co/H3HGx0wKmx"
"148","LondonBelvin","Raleigh, NC",35.7795897,-78.6381787,"North Carolina",1100936961341165568,"hey, can one of the CNAs check out my right lymph node, it hurts and feels swollen. pls help me"
"149","loverofsol","Michigan, USA",44.3148443,-85.6023643,"Michigan",1101276536647372800,"What a week. Sick as dirt for the first part. Exciting testimonies yesterday. Crazy you tube is/isn't a hoax momo o… https://t.co/VNwCVRkQOh"
"150","loverofsol","Michigan, USA",44.3148443,-85.6023643,"Michigan",1101564580835274752,"Doctor called. Our son has mono. After the look I saw on her face yesterday, after checking his enlarged lymph node… https://t.co/e78pSdXEVq"
"151","loverofsol","Michigan, USA",44.3148443,-85.6023643,"Michigan",1101288157562183680,"@HomeWithPeanut I am literally dreading tuck in right now. My little bestie had some blood work done for lymph node… https://t.co/SHCM95MeF3"
"152","LumpyLouish","In and Around Bahston",42.364205,-71.061361,"Massachusetts",1101186002348056576,"@CopsAreNazis It is right after I switched off the meds they were feeding me to cannabis so I did lose some of the… https://t.co/5d44RE1TzZ"
"153","LungOmics","New York, NY",40.7127753,-74.0059728,"New York",1101490286394404864,"Mutational Diversity of Lung Cancer and Associated Lymph Nodes. An Exploratory Prospective Study of 4 Resected cIII… https://t.co/syVz8x2xVm"
"154","lymphdiva81","Missouri, USA",37.9642529,-91.8318334,"Missouri",1100152796823859200,"https://t.co/h3z2NHJklh https://t.co/h3z2NHJklh"
"155","marynew","South Carolina",33.836081,-81.1637245,"South Carolina",1100908693447684096,"@jmonkatthestate John, my cancer has spread to lymph nodes. Feel good and am still writing and working for TeamGraham. Prayers appreciated"
"156","marynew","South Carolina",33.836081,-81.1637245,"South Carolina",1100870699613327360,"Continued prayers appreciated. Dr Merritt at SC Oncology just saw me.  Cancer has spread to my lymph nodes. Chest a… https://t.co/een7WaJDdG"
"157","marynew","South Carolina",33.836081,-81.1637245,"South Carolina",1101331409896202240,"@JasonCrabbMusic Jason, my cancer has spread to lymph nodes. Burt is praying for his mom."
"158","marynew","South Carolina",33.836081,-81.1637245,"South Carolina",1100870705753681920,"Continued prayers appreciated. Dr Merritt at SC Oncology just saw me.  Cancer has spread to my lymph nodes. Chest a… https://t.co/m4QSWxrWnz"
"159","mashihovibes","multi ",36.7499718,-95.9348204,"Oklahoma",1100395047198117888,"jisoo have lymph nodes ? wtf yg do smthn"
"160","MassageEd","Tennessee, USA",35.5174913,-86.5804473,"Tennessee",1101806983336914944,"Manual Lymph Drainage and Massage https://t.co/wTYmLzd5rT"
"161","MassageHealthHE","Barrington Rhode Island",41.7406798,-71.308609,"Rhode Island",1100161293036724224,"Vodderschool - Research articles related to Lymphology, Lymphedema, Manual Lymph Drainage and Combined Decongestive… https://t.co/qU2EBtPGxB"
"162","master_usmle_rv","Massachusetts, USA",42.4072107,-71.3824374,"Massachusetts",1100654888445390848,"Superior mediastinum: contents
PVT Left BATTLE:
Phrenic nerve
Vagus nerve
Thoracic duct
Left recurrent laryngeal ne… https://t.co/OVjvuzWe4T"
"163","maudamanda","773",41.9397248,-87.6599988,"Illinois",1102059624956678144,"antibiotics are cool and all but have you ever been prescribed steroids for a week to make sure your lymph nodes don’t strangle you to death"
"164","melodicire","NYC",40.7127753,-74.0059728,"New York",1100281053414010880,"i wanna see your lymph nodes. https://t.co/VWQvmvvMF4"
"165","might_be_a_mark","Smoky Mountains",35.6531943,-83.5070203,"Tennessee",1100212413843062784,"@JustCallMeLuke4 @davemeltzerWON Buddy you don't always go through the ringer when you get cancer. I for one, only… https://t.co/ZIQq8sMXhz"
"166","mikepatkelly","babylon ny",40.7107127,-73.3673169,"New York",1102257552644034560,"@askjillian Can i ask how many lymph nodes were removed ??"
"167","MKandtheforce","Midland, TX",31.9973456,-102.0779146,"Texas",1101291744342274048,"I'm sorry, lymph nodes."
"168","MLDInstitute","WPB, Florida",26.7153424,-80.0533746,"Florida",1101262048200134656,"Thank you to all our referring physicians for Manual Lymph Drainage. The MLD Institute Int'l has more Certified the… https://t.co/eieLP1LPpy"
"169","MLDInstitute","WPB, Florida",26.7153424,-80.0533746,"Florida",1100712282202521600,"A big congratulations to this months MLD Certified graduating class at Gwinnett College. Fly Lymph Eagles!"
"170","MLDInstitute","WPB, Florida",26.7153424,-80.0533746,"Florida",1102164241698701312,"So happy for the great awakening. One does not have to be sick to have Manual Lymph Drainage. It's been used by Eur… https://t.co/dzpLDSLHLw"
"171","MLISrevenge","ND by way of IL, IA, IL, & MN",40.6983747,-89.6014715,"Illinois",1100238292052787200,"@nicsperiment @BigFrickinSwede That's what I said! The doctor gave it a name, and I said, ""What is that?!"" She said… https://t.co/X0Xrqb8QIn"
"172","model_daughters","Everywhere",33.7589188,-84.3640829,"Georgia",1100153141985570816,"@TLSCommunity Also, I believe kids need the interaction for the best mental development. I haven't researched that… https://t.co/HJAuVrlnUC"
"173","MoHuntrGatherer","Missouri",37.9642529,-91.8318334,"Missouri",1102032576737366016,"@UnbridldCowgirl Well the vet came out and said her urinary stones are causing the blood and lymph nodes swollen.… https://t.co/4Vx7LkIzn9"
"174","mooreraulsome","Oceanside, CA",33.1958696,-117.3794834,"California",1100411232970915840,"My rook piercings are infected, I have redness,swallows lymph nodes,extremely sensitive to touch. Any way to help t… https://t.co/kGD02BWKNg"
"175","moxargon","Imperial Capitol on Skorax 5",34.0617252,-118.416607,"California",1100971470426173440,"The secret ingredient: Lymph. https://t.co/ge5dSruUCR"
"176","MrsDarlingWifey","Texas",31.9685988,-99.9018131,"Texas",1100433185085841408,"@ThatGirlMom I often hold tension in my jaw and head so it can cause swollen lymph nodes in those areas."
"177","MsCjay","Las Vegas",36.1699412,-115.1398296,"Nevada",1101938458497449984,"Be informed: Lymphedema is most commonly caused by the removal of or damage to your lymph nodes as a part of cancer… https://t.co/MKgOACrtPt"
"178","MSollender","California, USA",36.778261,-119.4179324,"California",1100373583572873216,"$TGTX TG Therapeutics Announces Initiation of Phase I First-in-Human Clinical Trial of its Anti-CD47/CD19 Bispecifi… https://t.co/JoOaCjgBP3"
"179","nash_lanash2042","Montclair, NJ",40.8259007,-74.2090053,"New Jersey",1101188725512519680,"@darth I dunno, maybe his organs or lymph nodes are racist."
"180","natalietooturnt","the city",36.3683682,-96.0008489,"Oklahoma",1100806285564538880,"@_Ifao vicks vapor rub to the neck lymph nodes and chest"
"181","natashayounge","<U+26F1> LA | <U+2614> UK",34.0522342,-118.2436849,"California",1102287466784972800,"#Rebounding for 5-10 min daily is a gentle way to get your lymphatic system moving. Here's more about why it's impo… https://t.co/TOyDBnvBKY"
"182","NationalMMPC","Augusta, GA",33.4734978,-82.0105148,"Georgia",1101191886574964736,"Use of Isotope Tracers to Assess Lipid Absorption in Conscious Lymph Fistula Mice. From our @uofcincy MMPC.  Congra… https://t.co/bf84lKPEhr"
"183","NaturalLymphie","Winfield, IL",41.8616956,-88.1609031,"Illinois",1101851710266449920,"March is #Lymphedema month.  Please remember @CureDercums. Dercum’s disease (DD) is a pre-lymphedema condition that… https://t.co/ylnQMsSloE"
"184","NBBNorcia","Baltimore, MD",39.2903848,-76.6121893,"Maryland",1101513923730255872,"#ooc Goofs aside, I have a lymph node infect, which is making my wisdom teeth act up, which is causing an earache,… https://t.co/Cr4Vs13xsx"
"185","ncarmichaeldds","9728 Carmel Mountain Rd. Ste B, San Diego, CA 92129",32.9622644,-117.1171225,"California",1100114781313294336,"When considering if it is important or not to get your bi-annual dental checkups, understand that your dentist is n… https://t.co/EWU4zaTDg1"
"186","NdeQuadros","Georgia, USA",32.1656221,-82.9000751,"Georgia",1101195399380041728,"Are complex biopsies the most under appreciated IR procedures?  Biopsy a 1 cm paraaortic lymph node to r/o mets but… https://t.co/i8SAYB9YG9"
"187","NEJM","Boston, MA",42.3600825,-71.0588801,"Massachusetts",1100882015044268032,"Does the resection of lymph nodes that appear macroscopically normal during surgery for #ovariancancer lead to impr… https://t.co/e3TY0j7XNz"
"188","NEJMres360","Boston, MA",42.3600825,-71.0588801,"Massachusetts",1101173961403125760,"New @NEJM Image Challenge: An otherwise healthy 9-year-old girl presented with swollen and tender cervical lymph no… https://t.co/sEq5bU7OBQ"
"189","NFCR","Rockville, MD",39.0839973,-77.1527578,"Maryland",1100458730074882048,"Healthy white blood cells, called “T-cells,” play a crucial role in how the body fights follicular lymphoma, a type… https://t.co/C09U0MZTYw"
"190","njb1163","bolton landing ny",43.5677741,-73.6653939,"New York",1101181673956433920,"@JonahNRO Jonah...have you had an ultrasound done? Have them evaluate her and perform US. Also you feel her glands… https://t.co/2cDtYMQWQ5"
"191","NJMonsees","Potomac, MD - Sometimes FL",39.0181651,-77.2085914,"Maryland",1102013226265571328,"@VivyGale @BruceBartlett It seems like this happened after I had lymph node tumors in my neck, and iodine injected… https://t.co/R1SvwvfkcT"
"192","nosefetish","Apopka, FL",28.6934076,-81.5322149,"Florida",1101589870596837376,"No clue what a lymph node is but at this rate I probably got one"
"193","noveldevice","Boulder, CO",40.0149856,-105.2705456,"Colorado",1101978404486733824,"@Aesche @SarahMackAttack His eyes are occluded and you can see the lymph under the skin bluing out his pattern."
"194","NWIMinorityTPC","Gary, IN",41.6020403,-87.3371523,"Indiana",1101211357326774272,"Smoking and Cancer
Cancer refers to diseases in which abnormal cells divide out of control and are able to invade o… https://t.co/1IXy5oDvX2"
"195","offbrandgranola","Austin, TX",30.267153,-97.7430608,"Texas",1100901615702364160,"@DropOfWat3r NO! i have felt suuuuuper fatigued this past week and my lymph nodes are super tender. i’m getting bet… https://t.co/ux3A7RXVJi"
"196","OlivexJuice","Los Angeles, CA",34.0522342,-118.2436849,"California",1101216891622707200,"Do you guys wanna know how bad my ear infection is? Okay I’ll tell you anyway! The infection swelled my lymph nodes… https://t.co/0TOvyXq10P"
"197","onozz717","Seattle, WA",47.6062095,-122.3320708,"Washington",1101639844554452992,"This thing told us earlier today that there has been a good amount of decrease in each of V's affected lymph nodes… https://t.co/DEjb8E1fIB"
"198","Opheliaisntdead","Somewhere over the rainbow",41.8019705,-89.6811799,"Illinois",1102248361325932544,"@askjillian Her2 positive has great therapies available. Don’t worry about lymph nodes, they’ve found that it has n… https://t.co/xWTa6HsOOa"
"199","ovarcome","Houston, TX",29.7604267,-95.3698028,"Texas",1101125496853663744,"Systematic pelvic and paraaortic lymphadenectomy failed to improve survival among women with advanced… https://t.co/P954BaRMXP"
"200","paininjury","Thousand Oaks, CA",34.1705609,-118.8375937,"California",1100129305030524928,"Lymphatic drainage #massage is a form of gentle massage that encourages the movement of lymph fluids around the bod… https://t.co/TmWsYf2ohr"
"201","PapaSquax","Blacksburg, VA",37.2295733,-80.4139393,"Virginia",1102011975238852608,"@CatfishCoble Poison ivy is coated in urushoil as a way for the plants to retain water. If skin gets in contact wit… https://t.co/Gf0A9ICjRE"
"202","pbates502","Indianola, IA",41.3580484,-93.5574376,"Iowa",1102229762297221120,"@henney1976 Congrats!! Got the same news for my wife. Double mastectomy and the lymph nodes were clear! Cancer free!"
"203","peachypiexo","Pennsylvania, USA",41.2033216,-77.1945247,"Pennsylvania",1100798133762777088,"@Amonk_13 Thank you! It’s been rough. I’ve had an infection in my lymph nodes."
"204","phhooeebbee1","Yorba Linda, CA",33.8885035,-117.8132571,"California",1100321031766462464,"my lymph nodes are so big right now #biglymphnodes"
"205","physiciansthriv","Omaha, Nebraska",41.2565369,-95.9345034,"Nebraska",1100242813978136576,"Tumor-educated B cells selectively promote breast cancer lymph node metastasis by HSPA4-targeting Ig… https://t.co/kRxT00Ghre"
"206","pigeon_piss","Michigan, USA",44.3148443,-85.6023643,"Michigan",1100947964594405376,"everybody gangsta until somebody starts deleting lymph nodes"
"207","PinkFortitude","Alexandria, VA",38.8048355,-77.0469214,"Virginia",1101451686772654080,"How to Get Your Lymph Flowing to Help with Autoimmune Healing. Watch --&gt; https://t.co/l602TaZ3c5 #autoimmune #spoonie"
"208","PinkFortitude","Alexandria, VA",38.8048355,-77.0469214,"Virginia",1100364529484079104,"How to Get Your Lymph Flowing to Help with Autoimmune Healing. Watch --&gt; https://t.co/l602TaZ3c5 #autoimmune #spoonie"
"209","potato_crisp","Washington",47.7510741,-120.7401385,"Washington",1100843321830699008,"also bad update but Lily’s lymph nodes are swelling again and her white blood cell count is low so it looks like th… https://t.co/YEQsj2rhPt"
"210","princesiddie","uncanny valley",39.0658999,-108.5653617,"Colorado",1101163633101471744,"textbook: the cells of your lymph vessels arent attached to each other, actually
me: https://t.co/mndtoYW2Zs"
"211","PsychSavant","California",36.778261,-119.4179324,"California",1101217160771207168,"So I may have mentioned that my white blood count has been abnormally low. Saw a hematologist today, and he stated… https://t.co/fsOcuwtz74"
"212","punmetaphorica","TWITTRTH",37.7764685,-122.4172004,"California",1101811027078008832,"an anywhere of a lymph: blame and unknowledgeable"
"213","punmetaphorica","TWITTRTH",37.7764685,-122.4172004,"California",1101221013726117888,"a lymph is a monarchy: engraved, but not vigilant"
"214","PVPSnews","Ponte Vedra Beach, FL ",30.2400058,-81.3852595,"Florida",1100756974159810560,"Can i have an arm lift after mastectomy with lymph node removal? https://t.co/9JKhRkpwwu"
"215","PWCdocs","Blooming Glen, PA",40.3694104,-75.2477835,"Pennsylvania",1100557562964045824,"I have a 2 and 4 year old that have been fighting off nasty colds. I came to Dr. Caren with severe neck pain and a… https://t.co/9tIPFqRgPN"
"216","PyettDavid","Denver, CO",39.7392358,-104.990251,"Colorado",1101707962140123136,"Back in hospital! Pnuemonia. Swollen lymph.nodes in lungs. Mass in heart. Going to be here a bit. Please pray."
"217","RadDrDuke","Philadelphia, PA",39.9525839,-75.1652215,"Pennsylvania",1101496737573859328,"#ECMO decannulation c/b inguinal node transection w/1L/day serous output requiring ostomy bag.  @itkinmax lymph nod… https://t.co/v4LiSpyUDN"
"218","RadDrDuke","Philadelphia, PA",39.9525839,-75.1652215,"Pennsylvania",1101208627547901952,"Idiopathic chylothorax w/absent cisterna and thoracic duct on preop MRL.  Successful percutaneous ultrasound guided… https://t.co/gLXQ9iDwTt"
"219","rauchway","Davis, CA",38.5449065,-121.7405167,"California",1101196784301334528,"@LarryGlickman Larry, that seems to me to reflect an imperfect inventory of one's insides. What about the liver or… https://t.co/S7yOmycp2D"
"220","rbripley","Earth",37.2321077,-95.7243335,"Kansas",1100309333831606272,"She was diagnosed with cancer of the lymph nodes in the second week of January. We found a wonderful oncologist and… https://t.co/oGg43Yk56D"
"221","RedHeadsKickAss","Colorado, USA",39.5500507,-105.7820674,"Colorado",1102357644549840896,"My Mom was 2 wks shy of her 44th bday when she died from #OvarianCancer. Her complaints  were mild and mimicked GI… https://t.co/lF5AHLe6uU"
"222","Rhodarein","Madison, WI",43.0730517,-89.4012302,"Wisconsin",1101863263283957760,"Been a while, real sorry for my lack of updates. They found cancer in my lymph nodes as well after the surgery so I… https://t.co/CcbBaQqC5k"
"223","rhodonotablink","ROSÉ ",45.5149498,-122.6734595,"Oregon",1100270712193986560,"Is that a lymph node? Its just the angle or she really has it? Urrrr Jisoo<U+0001F61F> #JISOO https://t.co/WLdpDdb2Uk"
"224","robs_kabobs","Virginia, USA",37.4315734,-78.6568942,"Virginia",1101304696583712768,"Swollen lymph node number 5 showed up today so don't mind me while I WebMD and scare myself into thinking I'm dying… https://t.co/uG3v6O0diV"
"225","RonMindful","Reno, NV",39.5296329,-119.8138027,"Nevada",1101694437145509888,"2/ My lymph nodes are swollen. That's all I got at the ER."
"226","roocey","Texas, USA",31.9685988,-99.9018131,"Texas",1101601242973904896,"Happy to report that I just got back from my oncologist and I seem to be all clear. Seems like I just had some bad… https://t.co/hfGgJFyU9u"
"227","roombachicken","Chicago, IL",41.8781136,-87.6297982,"Illinois",1101601606389415936,"awake from surgery... what a Look this bandage is (it stays on til sunday)
they ended up taking out 8 whole lymph n… https://t.co/p3HeNobhnF"
"228","rosesweettweets","Palm Desert CA",33.7222445,-116.3744556,"California",1101519684699021312,"Prayers for my brother, Charlie, please. From his daughter, Hayley Sweet this morning: 

“....Last Thursday, he was… https://t.co/59TSqmy6SE"
"229","s___flexing","Ithaca, NY",42.4439614,-76.5018807,"New York",1100440359014928384,"The last 10 votes swung the election. Y’all already knew the answer was Lymph BEFORE I SAID SOMETHING PLASMA WAS WINNING"
"230","s___flexing","Ithaca, NY",42.4439614,-76.5018807,"New York",1100232501409341440,"IM GLAD THAT MOST PEOPLE AGREE WITH ME. Unfortunately the answer was lymph which, was what we were learning about.… https://t.co/nwK1ROj0Az"
"231","sad_slav","Colorado Oblast, Great Satan",39.5500507,-105.7820674,"Colorado",1101780809785245696,"Have been feeling really weak lately and found a giant lymph node under my chin. Maybe my time has come. https://t.co/M3J4j51vMr"
"232","sandi_buchanan","Lubbock, TX",33.5778631,-101.8551665,"Texas",1100361968857370624,"Vodderschool - Research articles related to Lymphology, Lymphedema, Manual Lymph Drainage and Combined Decongestive… https://t.co/seOuEpVBz9"
"233","sapphys","Oregon, USA",43.8041334,-120.5542012,"Oregon",1100497734392520704,"big ol YOMP outta ur lymph nodes ma'am thats all i want please"
"234","Sara_AnnMan","Pittsburgh, PA",40.4406248,-79.9958864,"Pennsylvania",1100760030704558080,"My lymph nodes have been swollen the past two mornings. Not painful but noticeable.. is this bc I had the flu or sh… https://t.co/1v4YtPq5sY"
"235","Sarah_Samedi","South of Heaven",40.2585908,-93.5290954,"Missouri",1101578257353396224,"@LilyMunster18 Last test in Oct showed no new growth in my iliac lymph nodes in my groin. Fingers mega crossed."
"236","sash_cr","Los Angeles, CA",34.0522342,-118.2436849,"California",1102345060404748288,"@ahcraaaap Unswell those lymph nodes ASAP https://t.co/9F2K4rp6N4"
"237","sawuhdennison","Oneonta, NY",42.4528571,-75.0637746,"New York",1101255117813227520,"@mama2roman I use it to detox my skin, armpits and lymph nodes. It really helps people with acne too when mixed wit… https://t.co/EObuSrGEbp"
"238","seneca_horton","Owensboro, KY",37.7719074,-87.1111676,"Kentucky",1100152813294882816,"I received some bad news today, the cancer has spread to my lymph nodes. This is not the news we were hoping for. I… https://t.co/A4bKBbBWqE"
"239","SharonVogel","Downers Grove, IL",41.8089191,-88.0111746,"Illinois",1100980450577862656,"Post Lipo, post mastectomy, knee surgery, rotator cuff, and even having a root canal makes one the perfect candidat… https://t.co/EJRwnHFuIt"
"240","SharonVogel","Downers Grove, IL",41.8089191,-88.0111746,"Illinois",1102315109244915712,"RSVP to attend the ""Lymphormation Lecture"" and learn about how the body swells from surgery, lymph node removal, ly… https://t.co/gIxuIM2EwC"
"241","sheboyganscan","Sheboygan, WI",43.7508284,-87.71453,"Wisconsin",1101975344654049280,"kmci - 48yo man has swollen lymph nodes, jaw pain"
"242","sholyhitmanbat","Chicago area but travel extensively",41.8823113,-87.6320215,"Illinois",1101824879169585152,"@ShyCountryCutie Go to Urgent Care?  The lymph nodes issue doesn't sound allergy related.  Mumps?  Measles?  Shingles?"
"243","sidekick_matt","Hero City",37.5640473,-122.3253119,"California",1101666497837953024,"Ep 1: The Phantom Tennis (Elbow), Ep 2: The Bone Wars, Ep 3: Revenge of the Lymph (Nodes) #BodyPartFilms Star Wars Edition"
"244","SkinCancerOrg","New York, NY",40.7127753,-74.0059728,"New York",1101497642570403840,"While basal cell carcinomas rarely spread to the lymph nodes or beyond, they can grow large enough to cause disfigu… https://t.co/zBlYJwWA3c"
"245","slmcadam","Massachusetts, USA",42.4072107,-71.3824374,"Massachusetts",1100543261222027264,"@SelmaBlair @GMA @RobinRoberts I think you’re very brave to come out with your story I don’t know if anyone’s talk… https://t.co/DpMG2P4UCd"
"246","SlSSIES","18 | she/her",38.9981104,-94.7756407,"Kansas",1101282066761695232,"@jkt48twt the word comes from the latin word bubo which means a pustule, growth, or swelling. and the plague made (… https://t.co/7KEMRyBBdT"
"247","slvpknvt","Maryland, USA",39.0457549,-76.6412712,"Maryland",1101605432286695424,"I went to the doctor for a sore throat, come to find out it was a fever caused by a lymph node infection. So being… https://t.co/Hr5mu0gC5X"
"248","Smiles4me","Iowa",41.8780025,-93.097702,"Iowa",1101957958370496512,"Hi all!! So excited to have some strength to get out for fresh air and movement for my lymph system. https://t.co/Y619tC7mKd"
"249","sn00zecrew","nah",41.3477592,-74.8830066,"Pennsylvania",1100285898858520576,"she was diagnosed with colon cancer that has moved to her lymph nodes. she had the tumor in her colon removed earli… https://t.co/HrU5sCh4bv"
"250","snipeyhead","NYC expat in San Diego, CA",40.7127753,-74.0059728,"New York",1100842389902520320,"@OneManStands It’s not intrusive. I’ve been pretty open about all this, in the hopes it helps someone else. She’s g… https://t.co/VtmZsC77sO"
"251","spatch","Somerville, MA",42.3875968,-71.0994968,"Massachusetts",1100558782520795136,"got lymph nodes
in different area codes
(area codes)"
"252","stephaniemirro","Virginia, USA",37.4315734,-78.6568942,"Virginia",1100604144304443392,"#writingcommunity Tell me something weird/unique about yourself! Me? I'm allergic to hair dye. The one and only tim… https://t.co/GTRCPF1dt0"
"253","STEVENKOLKERMD","Santa Monica, CA",34.0194543,-118.4911912,"California",1101366809205268480,"Can you have more than one type of BRAF mutation in a melanoma, within the same lymph node or primary location?"
"254","stevesavitz","brooklyn",40.6781784,-73.9441579,"New York",1101537921830715392,"saw this coming years ago and decided never to get a tattoo. https://t.co/nRnIWMKuEx"
"255","streamlinebklyn","Brooklyn, NY",40.6781784,-73.9441579,"New York",1101246940807720960,"cpenenberg.pilates is rocking an inversion on the Reformer. Did you know inversions can improve circulation, postur… https://t.co/HRNB6JJt0M"
"256","SturgisSports","Greenville, SC",34.8526176,-82.3940104,"South Carolina",1101330243573432320,"OK, here’s the deal, too many have hit me up.  Foothills ENT and an Ultrasound on Tuesday confirmed a cluster of 7… https://t.co/AucUxXr1Mv"
"257","Sublime12NO","Onmyhorse",36.1414475,-79.8861627,"North Carolina",1101822602966913024,"@NicoM94020407 @hrtablaze @AnnaBD20 I believe 'this' cancer has reached  the 'lymph nodes. '"
"258","sunpungi","Philadelphia, PA",39.9525839,-75.1652215,"Pennsylvania",1101458479192162304,"#ISDP2019 Drs Doina Ivan and Fernandez-Figueras explaining hidradenoma can be present intravascular or in the lymph… https://t.co/ZcXfA0tqNH"
"259","SusanAllen11sd","Oregon, USA",43.8041334,-120.5542012,"Oregon",1100608773217968128,"@drunkhaught Swollen lymph nodes?"
"260","swiftnaturals10","North Carolina",35.7595731,-79.0192997,"North Carolina",1100224265595613184,"Scientists study tattooed corpses, find pigment in lymph nodes https://t.co/tAHVleXCBr"
"261","swuswuswu","Houston, TX",29.7604267,-95.3698028,"Texas",1101508263017885696,"Pulmonologist Dr. Lisa Kopas on EBUS:
-low complication rate
-superior to PET or CT for lymph node staging (PET sho… https://t.co/cTz5USNZLU"
"262","TakeThatCDC","Atlanta, GA",33.7489954,-84.3879824,"Georgia",1101295280799010816,"@itsmepanda1 @drfixus @MeddlinMegs @Gardeniagal4 @SIMON_E77 @AquaVelvaBoy @WendyOrent @GeoffSchuler @ghoppe… https://t.co/0onvnLSiXL"
"263","Tavstwitt","Kennewick, Washington USA",46.2086683,-119.119948,"Washington",1100951266073694208,"30 minutes in the Infrared Sauna,10 minutes on T-rex machine (shakes the lymph), and 5 minutes of Some Vitamin D in… https://t.co/5KO76NZvEI"
"264","Thaimassage919","5124 Bur Oak Cir Raleigh, NC",35.8533249,-78.7023418,"North Carolina",1101259252973359104,"Thai massage can increase your flow of lymph and strengthen your immune system"
"265","TheLymphieLife","Baltimore, MD",39.2903848,-76.6121893,"Maryland",1101480993549180928,"February is over, but the #research is still going! Check out the headlines from this past month in the latest Rese… https://t.co/GzfLryA8fH"
"266","thenext_step123","New York, NY",40.7127753,-74.0059728,"New York",1100199208412430336,"The rebirth one year after the surgery to remove my breastcancer my mastectomy and lymph node extraction and how I… https://t.co/GJdX16qLwV"
"267","thenext_step123","New York, NY",40.7127753,-74.0059728,"New York",1100924000161751040,"The rebirth one year after the surgery to remove my breastcancer my mastectomy and lymph node extraction and how I… https://t.co/hGpISQ1q66"
"268","theresasaylor73","Alabama ",32.3182314,-86.902298,"Alabama",1101575587062272000,"Three Day Lymph Cleanse Recipe - Health and Wellness - Mother Earth Living https://t.co/8BBl34CdsM"
"269","ThomGambino","New York City",40.7127753,-74.0059728,"New York",1102227671180865536,"@Lymph_Labo Hi, Lymph Labo. Bravo for the  <U+2764><U+FE0F>! Your steady support is a wonder to behold! We have many goodies for… https://t.co/n0NSPw9eBv"
"270","ThomGambino","New York City",40.7127753,-74.0059728,"New York",1100417785652486144,"@Lymph_Labo Thanks for the 3 <U+2764><U+FE0F>s, Lymph, Labo! And thanks for your support all these few weeks. I am extremely grat… https://t.co/pERFtMb1Yh"
"271","ThomGambino","New York City",40.7127753,-74.0059728,"New York",1101852209447428096,"@Lymph_Labo Hi, Lymph Labo. Bravissimo for the support &amp; <U+2764><U+FE0F>! A few of our favorite musical projects that nearly scr… https://t.co/QZN5sHlpfa"
"272","ThomGambino","New York City",40.7127753,-74.0059728,"New York",1101491033844658176,"@Lymph_Labo Thanks for your support &amp;  <U+2764><U+FE0F>, Lymph Labo. My recent appearance on Ally's Attic Show (she in Winnipeg,… https://t.co/Ki5oqiRaPJ"
"273","TLCschool","Austin, Texas",30.267153,-97.7430608,"Texas",1100863497800433664,"Only five spots left. Register now! https://t.co/ebxWNYSpwd
#massage #massageworkshop #massageschool #austin #lymph… https://t.co/xIfHcsg4jP"
"274","TLCschool","Austin, Texas",30.267153,-97.7430608,"Texas",1101214231024881664,"Only five spots left. Register now! https://t.co/ebxWNYSpwd
#massage #massageworkshop #massageschool #austin #lymph #mld"
"275","tomfolanmd","The Internets",39.4714884,-119.7767248,"Nevada",1102327964853710848,"2/

Timeline/History: 

Oct 16 - Pt. diagnosed with Left Lower Lobe (LLL) 2.5 x 2.5cm mass (Black arrows) &amp; mediast… https://t.co/0zqHugHK4M"
"276","tomfolanmd","The Internets",39.4714884,-119.7767248,"Nevada",1102330989374627840,"4/

Jan 18: Repeat CT reveals stable appearances of the small residual opacity in the left lower lobe and mediastinal lymph nodes."
"277","tomfolanmd","The Internets",39.4714884,-119.7767248,"Nevada",1102339941592293376,"3/

Dec 16 CT: Mass enlarged, now 2.7 x 2.8cm. Stable adenopathy. 
July 17:  chest xray shows progressive changes i… https://t.co/rNJBityqwI"
"278","transwolverine","Florida",27.6648274,-81.5157535,"Florida",1100609321052921856,"the lymph nodes in my throat? the ones they usually CHECK at the doctor's? fine. no problems at all. my armpit? hurts so fucking much"
"279","transwolverine","Florida",27.6648274,-81.5157535,"Florida",1100608425166295040,"my lymph node in my armpit is so swollen you can like, see it, and like... can I die, actually? can I just die,"
"280","TXHarrington","Houston, TX",29.7604267,-95.3698028,"Texas",1102308767172042752,"@K9TRex Glad to see he’s doing well Paul!! Our dog also just had surgery at A&amp;M (toe amputated &amp; lymph node removed… https://t.co/hHAV753fi8"
"281","UFGeog","Gainesville, FL",29.6516344,-82.3248262,"Florida",1101215112688558080,"Glanders also causes swelling of lymph system."
"282","urdadssidepiece","New York, NY",40.7127753,-74.0059728,"New York",1100599497216925696,"Q: What are the symptoms of becoming positive? Girl, I'm a total hypochondriac. 

A: Sxs usually present as flu-lik… https://t.co/c5uAi3b1b2"
"283","veevvie","Atlanta, GA",33.7489954,-84.3879824,"Georgia",1100831854645727232,"@Kimimel13 Thank you! I ended up barely eating chicken noodle soup, so I’ll wait for the rancy stuff later. Reheati… https://t.co/Pwc7etBiUp"
"284","veevvie","Atlanta, GA",33.7489954,-84.3879824,"Georgia",1100479586687692800,"@Kimimel13 Thanks. <U+0001F495> Something is going on with my lymph nodes (prob first sinus infection in months <U+0001F64C>) but I think… https://t.co/gNRMTVhzJW"
"285","vingular","Magic shop ",36.2002002,-95.1667331,"Oklahoma",1102250496813879296,"The reason why I almost fainted is because i have Inflammation of lymph nodes!!!!!"
"286","vpkmapi","Fairfield, IA",41.0076114,-91.9636914,"Iowa",1101618239329710080,"Guggul (pronounced just like Google) is a powerful Ayurvedic botanical that boosts the liver's ability to detox, wh… https://t.co/xJ8a6R49Uj"
"287","wendyfreemann","Reno, NV",39.5296329,-119.8138027,"Nevada",1100434330059386880,"When my lymph nodes are swollen I ice them, and I feel like no one else does but me..."
"288","WendyNofer","Pennsylvania, USA",41.2033216,-77.1945247,"Pennsylvania",1100526967210811392,"@AlaskaAir @reply Victoria, BC. Studied manual lymph drainage the entire week till 4AM every night to pass the course. I hear it's beautiful"
"289","westsidewell","Providence, RI",41.8239891,-71.4128343,"Rhode Island",1100464719939420160,"Jenny Xie does everything from reiki and manual lymph drainage to deep tissue. Aria started trained in reiki and tr… https://t.co/RcPqnzP8VF"
"290","Wh0v1an_4_L1fe","Barre, VT",44.1970055,-72.5020494,"Vermont",1100465973042315264,"@MarianKeyes I was diagnosed with strep throat yesterday, and today ive been going through cycles where I'm either… https://t.co/F1vp43DnGL"
"291","whinniedahpoo","Colorado, USA",39.5500507,-105.7820674,"Colorado",1101335347827564544,"@A_Coffee_A_Day_ Yeah abnormal pain taste of blood or pus or swelling of the lymph nodes and it’s actually been awh… https://t.co/yfIZDEafCO"
"292","whiteoakfarmer","Waynesville, NC",35.4887145,-82.9887477,"North Carolina",1101302988570804224,"@MizRvnTCB Cancer took my dad last march, my wife in November and now my dog has it in her hips and Lymph nodes.. D… https://t.co/dewfdgLSqc"
"293","Whoregano","Basura",40.0380675,-76.3032962,"Pennsylvania",1102295831779012608,"I’ve noticed a slight lump where my lymph nodes are maybe this it finally it"
"294","WieldedFate","North Ogden, UT ",41.3071645,-111.9602196,"Utah",1101661749319614464,"Silence of the lymph nodes
#BodyPartFilms"
"295","wiredmarketer","Hyannis, MA, USA",41.6524911,-70.2881124,"Massachusetts",1101962262250770432,"@c_barone @morethanmySLE So happy to hear u r ok.  Not fun. My brother has kidney cancer but unlike u found out whe… https://t.co/eAcFfx62Vo"
"296","wright__mikayla","Robinson, IL",39.0053201,-87.7391935,"Illinois",1100604737010000000,"Going to bed tonight with some Benadryl in hopes that this earache, itchy throat, and swollen lymph nodes will go away <U+0001F64F>"
"297","WrongEndotr","Kansas, USA",39.011902,-98.4842465,"Kansas",1100292869481480192,"my lymph nodes or anything. she was one, sometimes the might of Toz."
"298","wsu_cvmgsa","Pullman, WA",46.7297771,-117.1817377,"Washington",1100468304047534080,"Immune cell populations residing in mesenteric adipose depots and mesenteric lymph nodes of lean dairy cows.… https://t.co/5N9XHcBzq9"
"299","x3_ElLe","Georgia ",32.1656221,-82.9000751,"Georgia",1101250010329563136,"my lymph nodes are swollen I feel like a chipmunk lol fuck youuu pollen"
"300","xrcheymayne","no",36.670501,-95.936232,"Oklahoma",1102183062270431232,"all my lymph bodes are swollen my throat is killing me uGH"
"301","yydelane","atx/ cstat",30.627977,-96.3344068,"Texas",1101913041589936128,"I need piercing advice. My cartilage is bad infected and it’s causing one of my lymph nodes to swell and it’s rlly… https://t.co/fIzGIsuuvw"
